,,,,,,,,,,,,,https://www.notion.so/UX-_-33bb0573f8e2805cb57ce856c4417514?source=copy_link
"예)
16개월 -> 16",효과를 단어로 (해쉬태그),예) 5분 -> 5,예) 10분 아이컨텍,상세 미션 설명,,사회성 / 언어 / 인지 / 신체 발달,,이미지 나중에 추가로,,,,,"울타리형 / 가이드형 / 친구형 / 자율존중형

예)"
아이 나이,목표 (미션 효과 요약),미션 수행 길이,오늘의 미션,미션 상세 설명,효과,성장 카테고리,자료 출처*,,,[태그1] 카테고리,자료 출처,,부모 유형
2,#안전애착 #정서안정,3,들어 올려 달래기,아이가 보채거나 울 때 천천히 들어 올려 부모의 가슴에 기대게 한다. '괜찮아~'라고 낮고부드러운 목소리로 말하며 등을 가볍게 토닥인다. 아이가 차분해질 때까지 유지한다.,신체 접촉과 부드러운 목소리 자극이 아이를 안정시키는 경험을 반복해 부모-자녀 간 안전 애착의 기초를 형성한다.,사회성 / 감정,"Ainsworth, M. D. S. (1978). Patterns of Attachment. Erlbaum.",,,#사회성,CDC (미국 질병통제예방센터) — 발달 마일스톤 공식 기준,,
2,#눈맞춤 #사회적연결,3,눈 맞춤 게임,"아이의 시야 거리(20~30cm)에서 얼굴을 맞추고 천천히 눈을 맞춘다. 아이가 얼굴을 바라보면 '맞아, 엄마야~'라고 부드럽게 말해준다. 30초~1분 유지한다.","얼굴 주시 능력을 강화하고, 눈 맞춤을 통한 사회적 연결의 초기 경험을 형성해 사회적 뇌 발달을 자극한다.",사회성 / 감정,"Johnson, M. H. et al. (1991). Newborns' preferential tracking of face-like stimuli. Cognition, 40(1-2), 1–19.",,,#언어,AAP (미국소아과학회) — 소아 언어 발달 가이드,,
2,#친숙얼굴인식 #사회적반응,3,다가가서 인사하기,잠든 아이가 깨어나면 바로 달려가지 않고 30cm 거리에서 '잘 잤어~' 하며 얼굴을 가까이 가져간다. 아이가 반응하면 '좋아하는구나~'라고 말해준다.,친숙한 얼굴이 다가오는 경험을 반복해 사회적 자극에 긍정적으로반응하는 초기 사회성 기반을 형성한다.,사회성 / 감정,CDC. (2023). Developmental Milestones: 2 Months. cdc.gov/ncbddd/actearly,,,#인지,ASHA (미국 언어청각협회) — 수용/표현 언어 발달 기준,,
2,#사회적미소 #감정소통,3,미소 유도 놀이,"아이와 눈을 맞추고 크게 미소 지으며 '방긋~'이라고 말한다. 아이가 미소로 반응하면 즉시 더 크게 웃으며 '맞아, 웃었어!'라고 반응한다. 3~5회 반복한다.","사회적 미소(social smile)의 발달을 촉진하고, 상대의 표정에 반응하는 초기 감정 소통의 회로를 형성한다.",사회성 / 감정,"Messinger, D., & Fogel, A. (2007). The interactive development of social smiling. Advances in Child Development and Behavior, 35, 327–366.",,,#신체 발달,WHO — 글로벌 아동 발달 마일스톤,,
2,#청각안정 #애착형성,3,노래로 달래기,아이를 안고 부드러운 자장가나 동요를 1~2분 불러준다. 리듬에 맞춰 살짝 흔들어주며아이의 표정 변화를 관찰한다. 아이가 안정되면 '들려~?'라고 말해준다.,"청각 자극과 신체 접촉의 결합을 통해 정서 안정을 경험하고, 부모의 목소리를 친숙한 안정 신호로 인식하게 한다.",사회성 / 감정,"Trehub, S. E. (2003). The developmental origins of musicality. Nature Neuroscience, 6(7), 669–673.",,,,"Tomasello, Bates, Bruner, Fenson 등 — 발달심리학·언어획득 분야 핵심 학술 문헌",,
2,#표정모방 #사회적참조,3,표정 따라 미소 짓기,아이 얼굴 가까이에서 천천히 입꼬리를 올려 미소 짓는다. 아이가 부모 얼굴을 바라보며표정을 바꾸면 '반응했네!'라고 말해준다. 과장된 표정으로 반복한다.,"타인의 표정을 관찰하고 모방하는 사회적 참조의 초기 형태를 자극하고, 표정 인식 능력의 기반을 형성한다.",사회성 / 감정,"Meltzoff, A. N., & Moore, M. K. (1977). Imitation of facial and manual gestures by human neonates. Science, 198(4312), 75–78.",,,,,,
2,#일상상호작용 #언어자극,3,말 걸며 안아주기,"수유나 기저귀 교체 후 아이를 세워 안고 '배 불렀어?', '기분 좋아?' 등 부드럽게 말을 건넨다. 아이가 소리를 내거나 움직이면 '응답했네!'라고 반응한다.",일상 돌봄 상황을 사회적 상호작용의 장으로 활용해 부모 목소리와애착 관계의 연결을 강화한다.,사회성 / 감정,"Feldman, R. (2007). Parent–infant synchrony. Current Directions in Psychological Science, 16(6), 340–345.",,,,,,
2,#청각사회성 #목소리인식,3,목소리 변화 반응 관찰,높은 목소리('안녕~')와 낮은 목소리('안녕~')를 번갈아 내며 아이의 반응을 관찰한다. 아이가 고개를 돌리거나 눈을 크게 뜨면 '들렸구나!'라고 반응한다.,"목소리 톤의 변화에 반응하는 청각 사회성을 자극하고, 사람의 목소리를 환경 자극과 구별하는 사회적 청각 능력을 발달시킨다.",사회성 / 감정,"Vouloumanos, A., & Werker, J. F. (2007). Listening to language at birth. Developmental Science, 10(2), 159–164.",,,,,,
2,#촉각안정 #정서조절,3,피부 접촉 달래기,"아이의 등, 배, 팔을 부드럽게 쓰다듬으며 '따뜻하지~'라고 말한다. 아이가 울거나 보챌 때도 동일하게 적용한다. 쓰다듬는 속도를 천천히 일정하게 유지한다.","촉각 자극을 통한 정서 조절 경험을 반복해 신체 접촉과 안정감의연결을 강화하고, 애착 형성의 신체적 기반을 마련한다.",사회성 / 감정,"Field, T. (2010). Touch for socioemotional and physical well-being. Developmental Review, 30(4), 367–383.",,,,,,
2,#돌봄상호작용 #눈맞춤,3,얼굴 가까이 대화하기,"기저귀 교체나 목욕 중 아이 얼굴 20~30cm 앞에서 '지금 뭐 해?', '깨끗해지고 있어~'라고 천천히 말한다. 아이가 눈을 맞추거나 입술을 움직이면 멈추고 기다린다.","일상 돌봄 중 눈 맞춤과 대화를 통해 상호작용 리듬을 경험하고, 사회적 존재로서의 부모를 인식하는 능력을 발달시킨다.",사회성 / 감정,"Feldman, R. (2007). Parent–infant synchrony. Current Directions in Psychological Science, 16(6), 340–345.",,,,,,
2,#초기발성 #소리상호작용,3,옹알이 유도하기,"아이와 눈을 맞추고 '아~', '우~' 소리를 천천히 내준다. 아이가 입을 움직이거나 소리를내면 즉시 '맞아, 소리 냈어!'라고 반응하며 기다린다.","울음 외 발성 시도를 강화하고, 소리를 통한 상호작용의 즐거움을경험해 언어 발달의 가장 초기 단계를 촉진한다.",언어 / 소통,"Oller, D. K. (2000). The Emergence of the Speech Capacity. Erlbaum.",,,,,,
2,#소리교환 #대화기초,3,소리 주고받기,"아이가 소리를 내면 비슷한 소리로 따라해준다. '아~' 하면 '아~', '우~' 하면 '우~'로 반응한다. 아이가 다시 소리를 내도록 기다린다.","소리 교환의 초기 형태(proto-conversation)를 경험하고, 대화의순서 교대 개념의 씨앗을 심는다.",언어 / 소통,"Bruner, J. (1983). Child's Talk: Learning to Use Language. Oxford University Press.",,,,,,
2,#청각반응 #환경소리인식,3,큰 소리 반응 관찰,아이가 조용히 있을 때 손뼉을 한 번 치거나 부드러운 딸랑이 소리를 들려준다. 아이가 눈을 크게 뜨거나 몸을 움츠리면 '들렸구나~'라고 반응한다.,"청각 자극에 반응하는 능력을 확인하고, 환경 소리와 사람 소리를구별하는 청각 인식의 기초를 자극한다.",언어 / 소통,CDC. (2023). Developmental Milestones: 2 Months. cdc.gov/ncbddd/actearly,,,,,,
2,#음성변별 #모국어인식,3,다양한 목소리 들려주기,"높고 낮은 목소리, 빠르고 느린 리듬으로 '안녕', '잘 잤어?'를 번갈아 말해준다. 아이의 표정이나 몸 움직임의 변화를 관찰하며 반응이 오면 멈추고 기다린다.","다양한 음성 자극에 노출해 청각 변별 능력을 자극하고, 모국어 음성 패턴 인식의 초기 기반을 형성한다.",언어 / 소통,"Kuhl, P. K. (2004). Early language acquisition. Nature Reviews Neuroscience, 5(11), 831–843.",,,,,,
2,#울음소통 #의사소통효능,3,울음 패턴 반응하기,"아이가 울 때 '배고프구나~', '졸리구나~' 등 울음의 이유를 말로 표현하며 반응한다. 울음이 달라지면 '아, 이건 다른 소리네~'라고 말한다.","울음이라는 초기 의사소통 신호에 언어로 반응해 소통의 효능감을형성하고, 부모와의 언어 교환 경험을 쌓는다.",언어 / 소통,"Lester, B. M., & Boukydis, C. F. Z. (1985). Infant Crying. Plenum Press.",,,,,,
2,#청각기억 #소리패턴,3,자장가 반복 들려주기,같은 자장가를 매일 수면 전 1~2분 불러준다. 아이가 소리에 반응해 몸 움직임이 줄거나눈꺼풀이 무거워지면 '잘 듣고 있구나~'라고 말해준다.,"반복되는 음성 자극을 통해 청각 기억의 초기 형태를 자극하고, 소리 패턴 인식 능력의 기반을 형성한다.",언어 / 소통,"Trehub, S. E. (2003). The developmental origins of musicality. Nature Neuroscience, 6(7), 669–673.",,,,,,
2,#모음인식 #발성모방기초,3,모음 소리 들려주기,"아이 얼굴 가까이에서 입 모양을 과장하며 '아~', '오~', '우~'를 천천히 발음한다. 아이가입을 벌리거나 소리를 내면 '따라 했어~!'라고 반응한다.","모음 음소의 입 모양과 소리를 연결해 언어 음성 인식의 초기 단계를 자극하고, 발성 모방의 기초를 형성한다.",언어 / 소통,"Kuhl, P. K. (2004). Early language acquisition. Nature Reviews Neuroscience, 5(11), 831–843.",,,,,,
2,#언어자극질 #청각주의,3,조용한 환경 대화,"TV나 소음이 없는 조용한 환경에서 아이를 안고 '오늘 날씨 좋다~', '아빠가 왔어~' 등 자연스럽게 말을 건넨다. 아이의 눈 움직임이나 입 움직임에 반응한다.",소음이 없는 환경에서 부모 목소리에 집중하는 경험을 통해 언어 자극의 질을 높이고 청각 주의력의 기초를 형성한다.,언어 / 소통,"Hoff, E. (2006). How social contexts support language development. Developmental Review, 26(1), 55–88.",,,,,,
2,#청각공간인식 #소리추적,3,소리 위치 추적 유도,아이 시야 옆에서 부드럽게 이름을 부르거나 딸랑이를 흔든다. 아이가 소리 나는 방향으로 고개를 돌리려 하면 '찾았어~!'라고 반응한다.,"청각 자극의 위치를 추적하는 청각 공간 인식의 초기 형태를 자극하고, 소리-방향 연결 능력의 기반을 형성한다.",언어 / 소통,"Morrongiello, B. A. (1988). Auditory localization in infants. Developmental Psychology, 24(3), 326–333.",,,,,,
2,#감각통합 #언어노출,3,책 읽어주기,"그림이 단순한 흑백 그림책을 펼쳐 한 페이지씩 보여주며 '동그라미야~', '줄무늬야~' 하고 천천히 읽어준다. 아이가 그림을 주시하면 잠시 멈추고 기다린다.","시각과 청각 자극을 동시에 경험해 감각 통합 능력의 초기 기반을형성하고, 언어 노출의 양을 늘린다.",언어 / 소통,"Zevenbergen, A. A., & Whitehurst, G. J. (2003). Dialogic Reading. In van Kleeck et al. (Eds.), On Reading Books to Children. Erlbaum.",,,,,,
2,#시각추적 #주의집중기초,3,얼굴 천천히 움직이기,아이와 눈을 맞춘 후 얼굴을 천천히 좌우로 움직인다. 아이가 얼굴을 따라 시선을 이동하면 '따라봤어!'라고 말하며 다시 정면으로 돌아온다. 3~5회 반복한다.,"움직이는 자극을 시각으로 추적하는 시각 추적(visual tracking) 능력을 훈련하고, 주의 집중의 초기 형태를 발달시킨다.","인지 (학습, 사고, 문제 해결)","Johnson, M. H. (1990). Cortical maturation and the development of visual attention. Journal of Cognitive Neuroscience, 2(2), 81–95.",,,,,,
2,#시각자극 #주의집중,3,색 대비 장난감 보여주기,흑백 또는 원색 대비가 강한 장난감이나 카드를 아이 시야(20~30cm)에 천천히 가져다댄다. 아이가 2~3초 이상 주시하면 '보고 있구나~'라고 반응한다.,"대비가 강한 시각 자극에 주의를 집중하는 능력을 훈련하고, 이 시기 발달 중인 시각 피질을 자극한다.","인지 (학습, 사고, 문제 해결)","Fantz, R. L. (1963). Pattern vision in newborn infants. Science, 140(3564), 296–297.",,,,,,
2,#방향추적 #시각집중,3,장난감 천천히 이동시키기,밝은 색의 장난감을 아이 시야 20cm 앞에 놓은 뒤 천천히 좌→우→위→아래로 이동시킨다. 아이의 눈이 따라 움직이면 '추적했어~'라고 반응한다.,"상하좌우 방향의 시각 추적 능력을 발달시키고, 움직이는 자극에 주의를 유지하는 집중력의 기초를 형성한다.","인지 (학습, 사고, 문제 해결)","Haith, M. M. (1980). Rules That Babies Look By. Erlbaum.",,,,,,
2,#얼굴선호 #자극구별,3,얼굴과 장난감 비교 주시,한 손에 밝은 장난감을 들고 아이 앞에 얼굴과 장난감을 번갈아 가져다 댄다. 아이가 얼굴을 더 오래 바라보는지 장난감을 더 바라보는지 관찰한다.,"사람 얼굴과 사물 자극을 구별하는 초기 인지 능력을 자극하고, 사회적 자극(얼굴)에 대한 선호 반응을 강화한다.","인지 (학습, 사고, 문제 해결)","Johnson, M. H. et al. (1991). Newborns' preferential tracking of face-like stimuli. Cognition, 40(1-2), 1–19.",,,,,,
2,#패턴인식 #시각주의,3,흑백 그림 주시 유도,"흑백 줄무늬, 체크 패턴 카드를 하나씩 아이 시야에 가져다 댄다. 아이가 3초 이상 주시하면 다음 패턴으로 바꿔준다. '이건 줄무늬야~'라고 말해준다.","단순 패턴에 대한 시각적 주의 집중 시간을 늘리고, 패턴 인식 능력의 초기 기반을 형성한다.","인지 (학습, 사고, 문제 해결)","Fantz, R. L. (1963). Pattern vision in newborn infants. Science, 140(3564), 296–297.",,,,,,
2,#시각집중 #움직임주시,3,모빌 바라보기,아이 시야 위 30cm에 색깔이 있는 모빌을 달아두거나 손으로 들고 천천히 흔든다. 아이가 모빌을 바라보면 '보고 있어~'라고 말해준다.,"천장이나 위쪽을 향한 시각 주의를 자극하고, 움직이는 사물을 지속적으로 주시하는 시각 집중력을 발달시킨다.","인지 (학습, 사고, 문제 해결)","Haith, M. M. (1980). Rules That Babies Look By. Erlbaum.",,,,,,
2,#감각통합 #탐구심기초,3,소리 나는 방향 시선 유도,아이 옆에서 딸랑이를 흔들며 '이쪽이야~'라고 말한다. 아이가 소리 나는 방향으로 시선을돌리면 '찾았어!'라고 반응한다. 반대편으로 바꿔 반복한다.,"청각 자극과 시각 추적을 연결하는 감각 통합 능력의 초기 형태를자극하고, 자극의 출처를 탐색하는 인지적 탐구심을 키운다.","인지 (학습, 사고, 문제 해결)","Morrongiello, B. A. (1988). Auditory localization in infants. Developmental Psychology, 24(3), 326–333.",,,,,,
2,#얼굴주시 #사회적인지기초,3,얼굴 주시 시간 늘리기,아이와 눈을 맞춘 상태에서 표정을 바꾸지 않고 조용히 바라본다. 아이가 얼굴을 5초 이상 주시하면 부드럽게 미소 지어 보상해준다.,"사회적 자극(얼굴)에 대한 주시 지속 시간을 늘리고, 얼굴 정보를처리하는 사회적 인지 능력의 기초를 형성한다.","인지 (학습, 사고, 문제 해결)","Johnson, M. H. et al. (1991). Newborns' preferential tracking of face-like stimuli. Cognition, 40(1-2), 1–19.",,,,,,
2,#시각추적범위 #시각운동,3,빛 자극 따라보기,손전등이나 야광 장난감을 아이 시야에서 천천히 호를 그리며 이동시킨다. 아이의 눈이빛을 따라가면 '따라가고 있어~'라고 반응한다.,"빛이라는 강한 시각 자극을 이용해 시각 추적의 범위와 지속성을 훈련하고, 시각 운동 협응의 초기 형태를 발달시킨다.","인지 (학습, 사고, 문제 해결)","Haith, M. M. (1980). Rules That Babies Look By. Erlbaum.",,,,,,
2,#자극구별 #초기기억,3,새 자극 vs 익숙한 자극,며칠간 같은 그림을 보여주다가 새로운 그림으로 바꿔본다. 아이가 새 그림을 더 오래 바라보면 '새거 봤구나~'라고 반응한다.,익숙한 자극과 새로운 자극을 구별하는 습관화-탈습관화 반응을 통해 초기 기억 능력과 인지 탐구심의 기반을 형성한다.,"인지 (학습, 사고, 문제 해결)","Colombo, J. (2001). The development of visual attention in infancy. Annual Review of Psychology, 52, 337–367.",,,,,,
2,#경추근력 #터미타임,3,터미 타임 기본,수유 30분 후 아이를 배 깔고 엎드리게 한다. 아이 얼굴 앞에서 '머리 들어봐~'라고 말하며 1~2분 유지한다. 아이가 힘들어하면 즉시 자세를 바꿔준다.,"경추 및 등 근육을 강화하고, 머리를 들어 올리는 항중력 근력 발달을 촉진해 이후 뒤집기와 앉기의 기초를 마련한다.",움직임 / 신체 발달,AAP. (2022). Tummy Time and Your Baby. healthychildren.org,,,,,,
2,#머리들기 #경추발달,3,머리 들기 시범 보조,터미 타임 중 아이 앞에 밝은 장난감이나 얼굴을 가까이 대어 머리를 들도록 유도한다. 아이가 고개를 2~3cm라도 들면 '들었어~!'라고 반응한다.,"시각 자극을 이용해 머리 들기 동기를 높이고, 경추 신전 근육의 강화와 함께 항중력 자세 발달을 촉진한다.",움직임 / 신체 발달,AAP. (2022). Tummy Time and Your Baby. healthychildren.org,,,,,,
2,#관절가동 #근육발달,3,팔다리 스트레칭,"아이를 눕혀 두 팔을 위로 올렸다 내리고, 두 다리를 자전거 페달 밟듯 부드럽게 움직여준다. '팔 올리고~', '다리 돌리고~'라고 말하며 5~8회 반복한다.","팔과 다리 관절 가동 범위를 유지하고, 근육의 혈액 순환을 촉진해전반적인 신체 발달과 이후 자발적 움직임의 기초를 마련한다.",움직임 / 신체 발달,"Bayley, N. (2006). Bayley Scales of Infant and Toddler Development, 3rd ed. Pearson.",,,,,,
2,#파지반사 #소근육기초,3,손 펼치기 유도,아이의 주먹 쥔 손에 부모 손가락을 가볍게 대어 손바닥을 자극한다. 아이가 손가락을 펴거나 부모 손가락을 쥐면 '잡았어~'라고 반응한다.,"파지 반사를 활용해 손 근육의 초기 활성화를 유도하고, 이후 의도적 파지로 발전하는 소근육 발달의 기반을 형성한다.",움직임 / 신체 발달,"Bayley, N. (2006). Bayley Scales of Infant and Toddler Development, 3rd ed. Pearson.",,,,,,
2,#하지발달 #감각운동기초,3,발차기 자극,아이 발바닥에 부드러운 장난감을 가볍게 대어 자극한다. 아이가 발을 차거나 다리를 구부리면 '발로 찼어~'라고 반응한다. 양쪽 번갈아 반복한다.,"하지 근육의 자발적 활성화를 촉진하고, 발바닥 자극 반응을 통해하지 근력 발달과 감각-운동 연결의 기초를 형성한다.",움직임 / 신체 발달,"Thelen, E. (1995). Motor development: A new synthesis. American Psychologist, 50(2), 79–95.",,,,,,
2,#측면자세 #균형기초,3,옆으로 눕히기,"아이를 한쪽으로 부드럽게 눕혀 1~2분 유지한 뒤 반대쪽으로 바꿔준다. 등과 배에 쿠션을 받쳐 안전하게 지지해준다. '오른쪽이야~', '왼쪽이야~'라고 말해준다.","좌우 자세 경험을 통해 균형 감각의 초기 자극을 제공하고, 이후 뒤집기 발달에 필요한 측면 근육의 활성화를 촉진한다.",움직임 / 신체 발달,"Thelen, E. (1995). Motor development: A new synthesis. American Psychologist, 50(2), 79–95.",,,,,,
2,#목가누기 #두부조절,3,목 가누기 연습,아이를 세워 안고 한 손으로 등을 받치고 목을 최소한만 지지한다. 아이가 스스로 고개를정면으로 유지하려 하면 '잘 하고 있어~'라고 반응한다. 1~2분 이내로 제한한다.,"경추 주변 근육의 강화와 두부 조절 능력을 발달시키고, 이후 머리가누기의 기초 근력을 형성한다.",움직임 / 신체 발달,CDC. (2023). Developmental Milestones: 2 Months. cdc.gov/ncbddd/actearly,,,,,,
2,#자발적움직임 #신체탐색,3,손발 자유 움직임 시간,"기저귀 없이 안전한 매트 위에 아이를 눕혀 팔다리를 자유롭게 움직이도록 둔다. '팔 움직이네~', '다리 차네~'라고 말하며 관찰한다. 3~5분 유지한다.","제한 없는 환경에서 팔다리의 자발적 움직임을 촉진하고, 신체 탐색과 운동 발달의 초기 경험을 제공한다.",움직임 / 신체 발달,"Thelen, E. (1995). Motor development: A new synthesis. American Psychologist, 50(2), 79–95.",,,,,,
2,#항중력근력 #사회적자극,3,터미 타임 얼굴 자극,터미 타임 중 아이 머리 바로 앞 바닥에 엎드려 얼굴을 맞댄다. '머리 들어봐~'라고 말하며아이가 부모 얼굴을 보려고 고개를 들도록 유도한다.,"사회적 자극(얼굴)을 이용해 항중력 머리 들기 동기를 높이고, 사회성 발달과 대근육 발달을 동시에 촉진한다.",움직임 / 신체 발달,AAP. (2022). Tummy Time and Your Baby. healthychildren.org,,,,,,
2,#근력지구력 #발달기반,3,터미 타임 단계적 늘리기,처음에는 1분부터 시작해 매일 30초씩 늘려 5분을 목표로 한다. 시작 전 '배 깔고 해보자~'라고 말하며 아이가 익숙해지면 긍정 반응을 보인다.,"터미 타임의 지속 시간을 점진적으로 늘려 경추·등 근육 지구력을향상시키고, 이후 뒤집기와 기기 발달의 근력 기반을 마련한다.",움직임 / 신체 발달,AAP. (2022). Tummy Time and Your Baby. healthychildren.org,,,,,,
,,,,,,,,,,,,,
4,#웃음반응 #긍정상호작용,4,웃음 유발 놀이,아이 배를 간지럽히거나 '부~' 소리를 내며 아이가 웃음 반응을 보이도록 유도한다. 싱긋웃거나 입을 크게 벌리면 '웃었어~!'라고 반응하며 반복한다.,"긍정적 사회 자극에 대한 웃음 반응을 강화하고, 즐거운 상호작용이사회적 참여 동기를 높이는 경험을 형성한다.",사회성 / 감정,"Messinger, D., & Fogel, A. (2007). The interactive development of social smiling. Advances in Child Development and Behavior, 35, 327–366.",,,,,,
4,#자발적미소 #사회적미소,4,눈 맞추고 미소 짓기,아이가 깨어 있을 때 눈을 맞추고 먼저 크게 미소 짓는다. 아이가 미소로 반응하면 '방긋~'이라고 말하며 미소를 계속 유지한다. 5~10초 교환한다.,"아이가 먼저 미소로 상호작용을 시작하는 능력을 촉진하고, 사회적미소가 타인의 반응을 이끌어낸다는 경험을 쌓는다.",사회성 / 감정,"Messinger, D., & Fogel, A. (2007). The interactive development of social smiling. Advances in Child Development and Behavior, 35, 327–366.",,,,,,
4,#주의끌기강화 #소통주도성,4,주의 끌기 반응하기,아이가 소리를 내거나 팔다리를 움직이며 주의를 끌려 할 때 즉시 '응~ 무슨 말이야?'라고반응하며 눈을 맞춘다. 아이의 행동에 언어와 표정으로 답한다.,"아이의 주의 끌기 시도를 즉각적으로 강화해 의도적 소통 행동의 효능감을 형성하고, 사회적 상호작용의 주도성을 발달시킨다.",사회성 / 감정,"Feldman, R. (2007). Parent–infant synchrony. Current Directions in Psychological Science, 16(6), 340–345.",,,,,,
4,#눈맞춤대화 #순서교대기초,4,눈 맞추며 말 걸기,"아이를 안거나 눕혀 눈 높이를 맞추고 '오늘 뭐 했어?', '배고프지 않아?' 등 자연스럽게말을 건다. 아이가 부모를 바라보며 소리를 내면 멈추고 기다린다.","눈 맞춤과 언어 자극을 결합해 사회적 참여 능력을 강화하고, 대화의 순서 교대 개념의 초기 형태를 경험시킨다.",사회성 / 감정,"Bruner, J. (1983). Child's Talk: Learning to Use Language. Oxford University Press.",,,,,,
4,#낯선사람안심 #사회적신뢰,4,낯선 얼굴 안심시키기,"다른 가족이나 방문자가 있을 때 아이를 안고 '이분은 OO이야, 좋은 분이야~'라고 부드럽게 말해준다. 부모가 먼저 방문자에게 미소 지으면 아이에게 안전 신호를 준다.","낯선 얼굴에 대한 불안을 부모의 안정 신호로 완화하고, 낯선 사람도 안전할 수 있다는 사회적 신뢰의 초기 경험을 형성한다.",사회성 / 감정,"Sorce, J. F. et al. (1985). Maternal emotional signaling. Developmental Psychology, 21(1), 195–200.",,,,,,
4,#대면상호작용 #반응풍부,4,배 바라보며 소통하기,"아이를 무릎에 앉혀 얼굴을 마주 보게 한다. '엄마 보여~?'라고 말하며 아이가 부모 얼굴을 바라보도록 유도하고, 아이가 소리나 움직임으로 반응하면 즉시 반응한다.","대면 상호작용에서 아이의 반응을 이끌어내고, 사회적 참여 지속 시간과 반응의 풍부함을 증가시킨다.",사회성 / 감정,"Stern, D. N. (1985). The Interpersonal World of the Infant. Basic Books.",,,,,,
4,#감정표정인식 #표정학습,4,감정 과장 표현 보여주기,"놀람·기쁨·슬픔 표정을 과장되게 지으며 '어머, 놀랐다~!', '와, 기뻐~!' 등의 말과 함께 보여준다. 아이의 표정 변화를 관찰하고 반응이 오면 멈추고 기다린다.","다양한 감정 표정을 관찰하는 경험을 제공해 감정 표현 인식 능력의기반을 형성하고, 표정-감정 연결의 초기 학습을 촉진한다.",사회성 / 감정,"Denham, S. A. (1998). Emotional Development in Young Children. Guilford Press.",,,,,,
4,#목소리미소 #청각사회반응,4,목소리로 미소 유도,"아이가 부모 얼굴을 바라볼 때 높은 음조의 목소리('안녕~', '잘 잤어?')로 말을 건다. 아이가 미소 짓거나 소리를 내면 '웃었어~'라고 반응한다.","목소리 자극이 미소와 사회적 참여를 이끌어낸다는 연결을 강화하고, 청각-사회 반응의 통합 능력을 발달시킨다.",사회성 / 감정,"Vouloumanos, A., & Werker, J. F. (2007). Listening to language at birth. Developmental Science, 10(2), 159–164.",,,,,,
4,#기대형성 #상호작용동기,4,신나는 놀이 반복하기,"아이가 좋아하는 동작(살짝 들어 올리기, 간지럽히기 등)을 한 뒤 기다렸다가 다시 반복한다. 아이가 기대하는 표정을 보이면 '기다렸구나~'라고 반응한다.","반복되는 즐거운 경험을 통해 예측 능력과 기대감을 형성하고, 즐거운 사회적 상호작용에 대한 적극적 참여 동기를 강화한다.",사회성 / 감정,"Stern, D. N. (1985). The Interpersonal World of the Infant. Basic Books.",,,,,,
4,#거울자극 #자기인식기초,4,거울 앞 상호작용,"아이를 안고 거울 앞에 서서 '저게 OO이야~', '저게 엄마야~'라고 말해준다. 아이가 거울속 얼굴을 바라보며 반응하면 거울 속 얼굴에 미소 지어 보여준다.","거울 자극을 통해 자신의 모습에 대한 흥미를 자극하고, 거울 속 반응과 실제 반응의 연결을 통해 자기 인식의 초기 기반을 형성한다.",사회성 / 감정,"Amsterdam, B. (1972). Mirror self-image reactions before age two. Developmental Psychobiology, 5(4), 297–305.",,,,,,
4,#옹알이교환 #소통효능,4,옹알이 주고받기,"아이가 '우~', '아~' 소리를 내면 똑같이 따라 해준다. 아이가 다시 소리를 내도록 기다린다. 번갈아 소리 내기를 3~5회 반복한다.","옹알이 교환을 통해 대화의 순서 교대 리듬을 학습하고, 소리가 상대의 반응을 이끌어낸다는 소통 효능감을 형성한다.",언어 / 소통,"Oller, D. K. (2000). The Emergence of the Speech Capacity. Erlbaum.",,,,,,
4,#목소리방향추적 #청각운동,4,목소리 방향 찾기 놀이,아이 시야 옆에서 이름을 부른다. 아이가 목소리 나는 방향으로 고개를 돌리면 '찾았어~!'라고 반응하며 눈을 맞춘다. 양쪽 번갈아 3회 반복한다.,"사람의 목소리 방향을 추적하는 청각-운동 협응 능력을 강화하고, 목소리를 사회적 자극으로 인식하는 능력을 발달시킨다.",언어 / 소통,"Morrongiello, B. A. (1988). Auditory localization in infants. Developmental Psychology, 24(3), 326–331.",,,,,,
4,#대화리듬 #의도적발성,4,말 걸면 소리로 대답 유도,"배고파?'라고 묻고 잠시 기다린다. 아이가 소리를 내거나 입을 움직이면 '응, 대답했어~'라고 반응하며 다시 말을 건다. 질문 후 3~5초 기다리는 패턴을 유지한다.","질문 후 응답을 기다리는 대화 패턴을 경험해 말 차례 교대의 리듬을 내재화하고, 의도적 발성의 초기 형태를 강화한다.",언어 / 소통,"Bruner, J. (1983). Child's Talk: Learning to Use Language. Oxford University Press.",,,,,,
4,#음소노출 #음절기초,4,모음·자음 다양하게 들려주기,"바', '마', '파', '다' 등 다양한 음절을 천천히 또렷하게 말해준다. 아이의 입 움직임이나 소리 반응을 관찰하고 반응이 오면 멈추고 기다린다.","모국어 음소 노출을 다양화해 언어 음소 인식 능력을 강화하고, 이후 음절 옹알이 발달의 기반을 마련한다.",언어 / 소통,"Kuhl, P. K. (2004). Early language acquisition. Nature Reviews Neuroscience, 5(11), 831–843.",,,,,,
4,#음악발성 #언어리듬,4,노래에 맞춰 소리 내기,"간단한 동요를 부르며 아이의 반응을 관찰한다. 아이가 노래 중간에 소리를 내면 멈추고'맞아, 같이 불렀어~'라고 반응한 뒤 다시 노래를 시작한다.","음악 자극에 반응해 발성하는 경험을 통해 소리 교환의 즐거움을 강화하고, 언어 리듬 감각의 기초를 형성한다.",언어 / 소통,"Trehub, S. E. (2003). The developmental origins of musicality. Nature Neuroscience, 6(7), 669–673.",,,,,,
4,#청각민감성 #소리속성,4,소리 강도 변화 반응,속삭이는 목소리에서 점점 크게 '안녕~'이라고 말해본다. 아이가 소리 크기 변화에 눈을크게 뜨거나 움직임이 바뀌면 '들렸구나~'라고 반응한다.,"소리 강도 변화에 대한 청각 민감성을 자극하고, 목소리의 다양한속성(크기, 톤)을 인식하는 능력을 발달시킨다.",언어 / 소통,"Vouloumanos, A., & Werker, J. F. (2007). Listening to language at birth. Developmental Science, 10(2), 159–164.",,,,,,
4,#조음모방 #입모양인식,4,입술 움직임 보여주기,"아이 얼굴 20cm 앞에서 입을 크게 벌리고 '아~', 입술을 모아 '오~', 입을 옆으로 당겨 '이~' 등 과장된 입 모양을 보여준다. 아이가 입을 움직이면 반응해준다.","입술 모양과 소리의 연결을 시각적으로 경험하고, 조음 운동의 초기모방 능력을 자극해 이후 발음 발달의 기반을 형성한다.",언어 / 소통,"Meltzoff, A. N., & Moore, M. K. (1977). Imitation of facial and manual gestures. Science, 198(4312), 75–78.",,,,,,
4,#이름인식기초 #특별자극,4,이름 반복 들려주기,"하루 중 수시로 아이 이름을 부드럽게 불러준다. '○○아~', '○○이 여기 있어~'라고 말하며아이가 반응하면 '맞아, 네 이름이야!'라고 반응한다.","자신의 이름을 특별한 청각 자극으로 인식하는 능력을 형성하고, 이름 호명에 대한 반응 능력의 기초를 마련한다.",언어 / 소통,"Mandel, D. R. et al. (1995). Infants remember the order of words. Cognitive Development, 10(2), 169–186.",,,,,,
4,#그림소리연결 #어휘기초,4,그림책 소리 내며 읽기,"색깔 그림책을 펼치며 각 그림마다 소리를 과장되게 내준다. '강아지, 멍~멍~', '고양이, 야~옹~' 하고 아이의 반응을 기다린다.","그림과 소리를 연결하는 초기 어휘 연결의 경험을 제공하고, 언어자극의 풍부함을 통해 언어 발달을 촉진한다.",언어 / 소통,"Zevenbergen, A. A., & Whitehurst, G. J. (2003). Dialogic Reading. In van Kleeck et al. (Eds.), On Reading Books to Children. Erlbaum.",,,,,,
4,#일과중계 #언어상황연결,4,일과 중 중계하기,"기저귀 교체, 목욕, 수유 중 '이제 기저귀 갈아줄게~', '물이 따뜻하지~'라고 하는 행동을말로 중계해준다. 아이의 반응을 관찰하며 자연스럽게 이어간다.","일상 활동과 언어를 지속적으로 연결해 어휘와 문장의 자연스러운노출을 높이고, 언어-상황 연결 능력의 기초를 형성한다.",언어 / 소통,"Hoff, E. (2006). How social contexts support language development. Developmental Review, 26(1), 55–88.",,,,,,
4,#조건학습 #예측능력기초,4,수유 신호 연결,수유 전 항상 같은 행동(예: 수유 쿠션을 들거나 자리에 앉기)을 반복한다. 아이가 그 자극에 반응해 입을 벌리거나 몸을 움직이면 '알아챘구나~'라고 반응한다.,"반복되는 선행 자극과 결과를 연결하는 조건 학습의 초기 형태를 경험하고, 예측 능력과 초기 기억 능력의 기반을 형성한다.","인지 (학습, 사고, 문제 해결)","Rovee-Collier, C. (1999). The development of infant memory. Current Directions in Psychological Science, 8(3), 80–85.",,,,,,
4,#자기신체인식 #눈손기초,4,손 탐색 놀이,"아이가 자신의 손을 바라볼 때 '손이야~', '손가락이야~'라고 말해준다. 손을 입 앞에서 천천히 움직이며 아이가 시선을 따라가도록 유도한다.","자신의 신체(손)를 시각적으로 탐색하고 인식하는 자기 신체 인식의 초기 형태를 자극하고, 눈-손 협응의 기초를 형성한다.","인지 (학습, 사고, 문제 해결)","Rochat, P. (1998). Self-perception and action in infancy. Experimental Brain Research, 123(1-2), 102–109.",,,,,,
4,#대상영속성기초 #시각기억,4,장난감 사라지고 나타나기,밝은 장난감을 아이 시야에서 보여주다가 천을 덮어 숨긴다. 잠시 후 다시 꺼내 보여준다. 아이가 천을 바라보거나 장난감이 나타날 때 반응하면 '찾았어~'라고 말한다.,"사라진 물체에 대한 관심을 자극해 대상 영속성 발달의 초기 씨앗을심고, 시각 기억의 기초 능력을 형성한다.","인지 (학습, 사고, 문제 해결)","Piaget, J. (1954). The Construction of Reality in the Child. Basic Books.",,,,,,
4,#인과관계기초 #행동결과,4,원인-결과 딸랑이 놀이,아이 손에 딸랑이를 쥐어주고 아이가 흔들면 소리가 나도록 한다. 아이가 소리가 나면 멈추는 패턴을 보이면 '흔드니까 소리 났지~'라고 말해준다.,"자신의 행동이 결과를 만들어낸다는 인과 관계의 초기 경험을 제공하고, 행동-결과 연결을 통한 초기 문제 해결 동기를 형성한다.","인지 (학습, 사고, 문제 해결)","Rovee-Collier, C. (1999). The development of infant memory. Current Directions in Psychological Science, 8(3), 80–85.",,,,,,
4,#탐색동기 #자극구별,4,새로운 장난감 탐색,새 장난감을 아이 시야에 가져다 대고 아이가 바라보도록 한다. 아이가 손을 뻗거나 시선을 고정하면 '새로운 거야~'라고 말하며 가까이 대준다.,"새로운 자극에 대한 탐색 동기를 강화하고, 익숙한 자극과 새로운자극을 구별하는 인지 능력을 발달시킨다.","인지 (학습, 사고, 문제 해결)","Colombo, J. (2001). The development of visual attention in infancy. Annual Review of Psychology, 52, 337–367.",,,,,,
4,#주의전환 #시각비교,4,두 자극 번갈아 보기,"두 개의 서로 다른 물건(빨강 공, 노랑 블록)을 번갈아 아이 앞에 가져다 댄다. 아이가 두물건을 번갈아 바라보면 '둘 다 봤네~'라고 반응한다.","두 자극 사이에 주의를 전환하는 초기 주의 전환 능력을 자극하고, 시각 비교의 기초 능력을 형성한다.","인지 (학습, 사고, 문제 해결)","Colombo, J. (2001). The development of visual attention in infancy. Annual Review of Psychology, 52, 337–367.",,,,,,
4,#거울인식 #시각운동피드백,4,거울 속 움직임 인식,아이를 안고 거울 앞에서 팔을 들거나 고개를 움직이며 '봐봐~'라고 말한다. 아이가 거울속 움직임을 바라보거나 반응하면 '거울 속에서 움직였지~'라고 말해준다.,"거울 속 자신의 움직임과 실제 움직임을 연결하는 초기 자기 인식의기반을 형성하고, 시각-운동 피드백 능력을 자극한다.","인지 (학습, 사고, 문제 해결)","Amsterdam, B. (1972). Mirror self-image reactions before age two. Developmental Psychobiology, 5(4), 297–305.",,,,,,
4,#청각기억 #자극기억,4,소리 기억 놀이,"특정 소리(딸랑이, 노래)를 며칠간 반복해 들려주다가 다른 소리로 바꿔본다. 아이가 새소리에 더 크게 반응하면 '새 소리 알아챘어~'라고 말해준다.",청각 자극의 기억과 새로운 자극 구별 능력을 자극해 청각 기억의초기 형태와 인지적 탐구심을 발달시킨다.,"인지 (학습, 사고, 문제 해결)","Rovee-Collier, C. (1999). The development of infant memory. Current Directions in Psychological Science, 8(3), 80–85.",,,,,,
4,#도달행동기초 #목표지향,4,손 뻗기 유도,밝은 색 장난감을 아이 손이 닿을 듯 말 듯한 거리에 매달거나 든다. 아이가 손을 뻗으려시도하면 '손 뻗었어~'라고 반응하며 장난감을 살짝 가까이 대준다.,"원하는 물체를 향해 손을 뻗는 의도적 도달(reaching) 행동의 초기형태를 자극하고, 목표 지향적 행동의 기초를 형성한다.","인지 (학습, 사고, 문제 해결)","Thelen, E. et al. (1993). The transition to reaching. Child Development, 64(4), 1058–1098.",,,,,,
4,#표정변화인식 #사회적민감성,4,표정 변화 관찰하기,웃는 얼굴에서 무표정으로 바꾸는 'still face' 실험처럼 5초간 무표정을 유지한다. 아이의반응 변화를 관찰한 뒤 다시 웃어준다. '엄마 웃었지~'라고 말해준다.,"표정 변화를 인식하고 반응하는 사회적 인지 능력을 자극하고, 상대의 감정 상태에 주의를 기울이는 사회적 민감성의 기초를 형성한다.","인지 (학습, 사고, 문제 해결)","Tronick, E. Z. et al. (1978). The infant's response to entrapment. Journal of the American Academy of Child Psychiatry, 17(1), 1–13.",,,,,,
4,#두부조절 #경추안정,4,목 가누기 세우기,아이를 세워 안고 등을 받치되 목은 지지하지 않는다. 아이가 고개를 정면으로 유지하면'잘 가누고 있어~'라고 말해준다. 2~3분 유지한다.,"경추 근육과 목 주변 근육의 안정성을 강화하고, 두부 조절 능력의완성 단계를 지원한다.",움직임 / 신체 발달,CDC. (2023). Developmental Milestones: 4 Months. cdc.gov/ncbddd/actearly,,,,,,
4,#의도적파지 #소근육발달,4,장난감 쥐어주기,부드러운 딸랑이나 천 장난감을 손바닥에 올려놓는다. 아이가 손가락을 구부려 쥐면 '잡았어~'라고 반응하며 살짝 당겨 쥐는 힘을 확인한다.,"파지 반사에서 의도적 파지로 발전하는 과정을 지원하고, 소근육 쥐기 능력과 손-물체 상호작용의 초기 형태를 발달시킨다.",움직임 / 신체 발달,"Bayley, N. (2006). Bayley Scales of Infant and Toddler Development, 3rd ed. Pearson.",,,,,,
4,#팔근육활용 #도구조작기초,4,딸랑이 흔들기,아이 손에 딸랑이를 쥐어주고 '흔들어봐~'라고 말하며 팔을 살짝 움직여준다. 아이가 스스로 팔을 흔들어 소리를 내면 '소리 났어~!'라고 반응한다.,"팔 근육을 활용해 도구를 능동적으로 조작하는 초기 형태를 경험하고, 행동-소리의 인과 관계를 신체로 학습한다.",움직임 / 신체 발달,"Thelen, E. (1995). Motor development: A new synthesis. American Psychologist, 50(2), 79–95.",,,,,,
4,#손입협응 #구강탐색,4,손을 입으로 탐색 허용,아이가 손을 입으로 가져가는 행동을 허용하고 '맛있어~?'라고 말해준다. 손이 깨끗한지확인 후 구강 탐색 행동을 자연스럽게 지원한다.,"손-입 협응 능력을 발달시키고, 구강 탐색을 통한 감각 통합 경험이이후 소근육과 구강 운동 발달의 기초를 형성한다.",움직임 / 신체 발달,"Rochat, P. (1998). Self-perception and action in infancy. Experimental Brain Research, 123(1-2), 102–109.",,,,,,
4,#상지지지 #기기준비,4,터미 타임 팔꿈치 지지,터미 타임 중 아이 팔꿈치를 어깨 너비로 놓아주어 팔뚝으로 상체를 지지하도록 돕는다. 아이가 팔뚝으로 버티며 고개를 들면 '잘 하고 있어~'라고 반응한다.,"팔꿈치와 팔뚝으로 체중을 지지하는 능력을 강화하고, 이후 기기(crawling)의 전제가 되는 상지 지지 근력을 발달시킨다.",움직임 / 신체 발달,AAP. (2022). Tummy Time and Your Baby. healthychildren.org,,,,,,
4,#체중지지기초 #하지근력,4,다리 지지 서기 연습,아이를 세워 다리가 부모 허벅지나 매트에 닿게 한다. 아이가 다리를 뻗어 체중을 지지하려 하면 '서고 있어~'라고 반응한다. 30초~1분 이내로 제한한다.,"하지 체중 지지 능력의 초기 자극을 제공하고, 이후 서기와 걷기의기초가 되는 다리 근력 발달을 촉진한다.",움직임 / 신체 발달,"Thelen, E. (1995). Motor development: A new synthesis. American Psychologist, 50(2), 79–95.",,,,,,
4,#도달운동 #눈손협응,4,손 뻗어 장난감 닿기,"아이가 잡을 수 있는 거리에 매달린 장난감을 준비한다. 아이가 손을 뻗어 장난감에 닿으면 '잡았어~'라고 반응한다. 처음엔 가까이, 점차 멀리 놓는다.","의도적 도달(reaching) 행동을 강화하고, 눈-손 협응 능력과 목표지향적 상지 운동 발달을 촉진한다.",움직임 / 신체 발달,"Thelen, E. et al. (1993). The transition to reaching. Child Development, 64(4), 1058–1098.",,,,,,
4,#뒤집기준비 #회전패턴,4,뒤집기 준비 옆 자세,아이를 등으로 눕힌 뒤 한쪽 다리를 반대쪽으로 살짝 당겨 옆으로 유도한다. 아이가 상체를 따라 돌리려 하면 '돌아가고 있어~'라고 반응한다.,"뒤집기 동작의 선행 패턴인 하체-상체 회전 순서를 경험시키고, 이후 독립적 뒤집기 발달을 위한 근육 패턴을 형성한다.",움직임 / 신체 발달,"Thelen, E. (1995). Motor development: A new synthesis. American Psychologist, 50(2), 79–95.",,,,,,
4,#촉각자극 #신체인식,4,전신 마사지,"목욕 후 베이비 로션을 사용해 머리부터 발끝까지 부드럽게 마사지해준다. '어깨야~', '배야~', '발이야~'라고 말하며 각 신체 부위를 천천히 쓰다듬는다.","촉각 자극을 통해 신체 감각 인식과 정서적 안정을 동시에 제공하고, 전신 근육의 이완과 신체 인식 능력의 기초를 형성한다.",움직임 / 신체 발달,"Field, T. (2010). Touch for socioemotional and physical well-being. Developmental Review, 30(4), 367–383.",,,,,,
4,#하지강화 #수중운동,4,물 속 발 차기,목욕 중 아이 발이 물에 닿도록 하고 '발 차봐~'라고 말하며 발목을 살짝 자극한다. 아이가발을 차서 물이 튀면 '찼어~!'라고 반응한다.,"수중 저항을 이용한 하지 근육 강화 운동을 경험하고, 발차기를 통한 행동-결과 인과 관계를 즐겁게 학습한다.",움직임 / 신체 발달,"Thelen, E. (1995). Motor development: A new synthesis. American Psychologist, 50(2), 79–95.",,,,,,
,,,,,,,,,,,,,
6,#친숙얼굴인식 #대인관계기반,5,친숙한 사람 반응 놀이,"부모, 조부모 등 친숙한 얼굴을 차례로 보여주며 '이분 알아?', '누구야?'라고 묻는다. 아이가 친숙한 사람에게 더 크게 반응하면 '알아봤구나~'라고 말해준다.","친숙한 사람과 낯선 사람을 구별하는 사회적 인식 능력을 확인하고, 친밀한 대인 관계 인식의 기반을 강화한다.",사회성 / 감정,CDC. (2023). Developmental Milestones: 6 Months. cdc.gov/ncbddd/actearly,,,,,,
6,#거울자기인식 #자기탐색,5,거울 놀이,아이를 안고 거울 앞에 서서 '저게 OO이야~' 하고 거울 속 아이를 가리킨다. 아이가 거울속 자신의 모습에 미소 짓거나 손을 뻗으면 '자기 얼굴 봤어~'라고 반응한다.,"거울 속 자신의 모습에 대한 흥미와 탐색을 자극하고, 자기 인식 능력의 초기 형태를 발달시킨다.",사회성 / 감정,"Amsterdam, B. (1972). Mirror self-image reactions before age two. Developmental Psychobiology, 5(4), 297–305.",,,,,,
6,#웃음교환 #긍정정서공유,5,웃음 주고받기,아이와 눈을 맞추고 크게 웃으며 '하하~!'라고 한다. 아이가 웃으면 즉시 반응하며 더 크게웃어준다. 아이가 먼저 웃기를 기다리는 시간도 만들어본다.,"웃음을 통한 즐거운 사회적 교환 경험을 풍부하게 하고, 긍정 정서공유와 상호 기쁨의 사회적 의미를 내재화한다.",사회성 / 감정,"Messinger, D., & Fogel, A. (2007). The interactive development of social smiling. Advances in Child Development and Behavior, 35, 327–366.",,,,,,
6,#안전기지 #사회적참조,5,낯선 상황 안전 신호 주기,"낯선 환경이나 사람 앞에서 아이가 경직되면 부드럽게 '괜찮아~, 엄마 여기 있어~'라고 말하며 안아준다. 부모가 먼저 낯선 사람에게 미소 지어 안전 신호를 준다.","낯선 상황에서 부모의 존재가 안전 기지가 된다는 경험을 강화하고, 사회적 참조를 통한 새로운 환경 탐색 능력을 지원한다.",사회성 / 감정,"Ainsworth, M. D. S. (1978). Patterns of Attachment. Erlbaum.",,,,,,
6,#감정공감 #정서조절기초,5,감정 표현 공감해주기,"아이가 울거나 짜증낼 때 '속상했구나~', '힘들었지~'라고 감정을 이름 붙여준다. 즉시 달래려 하지 않고 먼저 공감해준 뒤 도움을 준다.","자신의 감정이 타인에게 인식되고 공감받는 경험을 통해 정서 조절능력의 기반을 형성하고, 감정 표현의 사회적 기능을 내재화한다.",사회성 / 감정,"Denham, S. A. (1998). Emotional Development in Young Children. Guilford Press.",,,,,,
6,#사회적놀이기초 #예측확인,5,숨바꼭질 까꿍 확장,수건으로 얼굴을 가렸다가 '까꿍~!'하며 나타난다. 아이 얼굴을 가렸다가 수건을 들어주며'찾았다~!'라고 한다. 아이가 웃으면 반복한다.,"예측-확인의 즐거운 경험을 통해 사회적 놀이의 기초를 형성하고, 대상 영속성 개념의 사회적 맥락을 경험시킨다.",사회성 / 감정,"Gopnik, A., Meltzoff, A., & Kuhl, P. (1999). The Scientist in the Crib. William Morrow.",,,,,,
6,#사회적모방 #동작동기화,5,박수 미러링,아이 앞에서 박수를 천천히 치며 '짝짝~'이라고 말한다. 아이가 팔을 움직이거나 흉내 내려 하면 '따라 했어~'라고 반응하며 반복한다.,"타인의 행동을 관찰하고 모방하려는 사회적 모방 동기를 자극하고, 신체 동작을 통한 사회적 동기화의 초기 형태를 발달시킨다.",사회성 / 감정,"Meltzoff, A. N. (1988). Infant imitation and memory. Child Development, 59(1), 217–225.",,,,,,
6,#가족인식 #상징적인식,5,가족 사진 보여주기,"가족 사진을 보여주며 '아빠야~', '할머니야~'라고 말해준다. 아이가 사진을 보며 반응하면 '맞아, 알아봤어~'라고 반응하며 다른 사진으로 넘어간다.","사진을 통해 부재한 친숙한 사람을 인식하는 상징적 사회 인식 능력의 초기 형태를 자극하고, 가족 관계의 개념 기반을 형성한다.",사회성 / 감정,"Tomasello, M. (1995). Joint attention as social cognition. In Moore & Dunham (Eds.), Joint Attention. Erlbaum.",,,,,,
6,#사회적주도성 #의도신호,5,놀이 중 멈추기-재개하기,"까꿍이나 간지럽히기 놀이를 하다가 갑자기 멈추고 기다린다. 아이가 더 해달라는 신호(바라보기, 소리내기)를 보내면 '더 하고 싶어?'라고 반응하며 재개한다.","아이가 원하는 것을 신호로 표현하는 능력을 강화하고, 상호작용을주도적으로 이어가는 사회적 주도성의 기초를 형성한다.",사회성 / 감정,"Stern, D. N. (1985). The Interpersonal World of the Infant. Basic Books.",,,,,,
6,#감정어휘기초 #표정감정연결,5,다양한 감정 표현 보여주기,"하루 중 기쁨·슬픔·놀람 등의 감정을 자연스럽게 표현하며 '엄마 지금 기뻐~', '이건 슬픈얼굴이야~'라고 이름 붙여준다. 아이의 반응을 관찰한다.","다양한 감정 표현을 일상 속에서 경험해 감정 어휘와 표정의 연결을자연스럽게 형성하고, 정서 인식 능력의 기반을 마련한다.",사회성 / 감정,"Denham, S. A. (1998). Emotional Development in Young Children. Guilford Press.",,,,,,
6,#소리순서교대 #대화기초,5,소리 번갈아 내기,"아이가 소리를 내면 같은 소리로 반응하고 기다린다. 아이가 다시 소리를 내면 반응한다. '아~' 하면 '아~', 멈추면 기다리기를 5~7회 반복한다.","소리 교환의 순서 교대 패턴을 강화하고, 대화의 기본 구조인 말 주고받기 능력의 기초를 발달시킨다.",언어 / 소통,"Bruner, J. (1983). Child's Talk: Learning to Use Language. Oxford University Press.",,,,,,
6,#구강모방 #조음근육기초,5,혀 내밀기 놀이,아이 앞에서 혀를 천천히 내밀어 보인다. 아이가 따라 혀를 내밀면 '메롱~했어!'라고 반응한다. 혀를 좌우로 움직이는 것도 시도해본다.,"구강 운동 모방 능력을 강화하고, 입과 혀의 협응 운동을 자극해 이후 발음 발달에 필요한 조음 근육의 기초를 형성한다.",언어 / 소통,"Meltzoff, A. N., & Moore, M. K. (1977). Imitation of facial and manual gestures. Science, 198(4312), 75–78.",,,,,,
6,#음성탐색 #발성레퍼토리,5,꽥꽥 소리 따라하기,"아이가 높은 소리(꽥꽥, 끼이)를 낼 때 비슷하게 따라 해준다. 아이가 더 다양한 소리를 내도록 기다리며 번갈아 낸다.","다양한 음고와 강도의 발성을 시도하는 음성 탐색 능력을 강화하고, 발성 레퍼토리를 확장하는 경험을 제공한다.",언어 / 소통,"Oller, D. K. (2000). The Emergence of the Speech Capacity. Erlbaum.",,,,,,
6,#이름반응 #청각신호인식,5,이름 듣고 반응하기,"아이가 다른 곳을 보고 있을 때 이름을 부른다. 아이가 고개를 돌리면 '맞아, 네 이름이야!'라고 반응한다. 반응이 없으면 가까이 다가가 다시 부른다.","자신의 이름을 특별한 청각 신호로 인식하는 능력을 강화하고, 이름호명 반응 능력의 발달을 촉진한다.",언어 / 소통,"Mandel, D. R. et al. (1995). Infants remember the order of words. Cognitive Development, 10(2), 169–186.",,,,,,
6,#단어반복노출 #어휘연결기초,5,일상 단어 반복 들려주기,"우유, 목욕, 잠, 공 등 자주 접하는 단어를 해당 상황에서 반복 말해준다. '우유야~, 우유먹자~'처럼 같은 단어를 2~3번 반복하며 사물을 보여준다.","상황 맥락 속에서 단어를 반복 노출해 단어-사물 연결의 초기 형태를 형성하고, 이후 어휘 발달의 기반을 마련한다.",언어 / 소통,"Hoff, E. (2006). How social contexts support language development. Developmental Review, 26(1), 55–88.",,,,,,
6,#청각탐색 #소리자극반응,5,소리 나는 장난감 놀이,"딸랑이, 삑삑이 등 소리 나는 장난감을 아이 앞에서 소리 내준다. 아이가 소리에 반응하면'들렸어~'라고 말하며 장난감을 가까이 가져다 준다.","다양한 비언어 소리 자극에 대한 반응과 탐색을 촉진하고, 소리-자극의 연결을 통해 청각 인식 능력을 발달시킨다.",언어 / 소통,"Morrongiello, B. A. (1988). Auditory localization in infants. Developmental Psychology, 24(3), 326–331.",,,,,,
6,#다중자극언어 #책긍정경험,5,그림책 소리와 함께 읽기,밝은 색의 그림책을 보여주며 각 그림에 소리와 동작을 함께 넣는다. '사자~ 어흥~'이라고말하며 표정도 같이 만들어준다.,"그림, 소리, 동작의 다중 자극 연결을 통해 언어 발달을 촉진하고, 책과 언어에 대한 긍정적 경험을 형성한다.",언어 / 소통,"Zevenbergen, A. A., & Whitehurst, G. J. (2003). Dialogic Reading. In van Kleeck et al. (Eds.), On Reading Books to Children. Erlbaum.",,,,,,
6,#리듬인식 #언어박자,5,박자에 맞춰 소리 내기,손뼉을 규칙적으로 치며 박자를 만든다. 아이가 박자에 맞춰 소리를 내거나 팔을 움직이면 '맞춰서 했어~'라고 반응한다.,"리듬 패턴을 인식하고 반응하는 음성 리듬 능력을 발달시키고, 언어의 박자감과 억양 패턴 인식의 기초를 형성한다.",언어 / 소통,"Trehub, S. E. (2003). The developmental origins of musicality. Nature Neuroscience, 6(7), 669–673.",,,,,,
6,#소리크기인식 #청각주의조절,5,소리 크기 조절 반응,아이에게 속삭이듯 말하다가 '야~!'라고 갑자기 크게 말한다. 아이의 반응 변화를 관찰하고 '컸지~?'라고 말해준다. 다시 작게 말하며 반복한다.,"소리 크기 변화에 대한 청각 민감성과 주의 조절 능력을 자극하고, 목소리의 강도 변화를 맥락 단서로 인식하는 능력을 발달시킨다.",언어 / 소통,"Vouloumanos, A., & Werker, J. F. (2007). Listening to language at birth. Developmental Science, 10(2), 159–164.",,,,,,
6,#동물소리연결 #상징연결기초,5,동물 소리 들려주기,"강아지, 고양이, 소 등 동물 소리를 흉내 내며 해당 그림을 보여준다. '멍멍~이야, 강아지!'라고 반복해준다. 아이가 그림을 바라보면 '봤어~'라고 반응한다.","소리와 그림을 연결하는 초기 상징 연결 능력을 자극하고, 다양한소리 어휘의 기반을 형성해 이후 단어 발달을 지원한다.",언어 / 소통,"Tomasello, M. (2003). Constructing a Language. Harvard University Press.",,,,,,
6,#구강탐색 #감각통합인지,5,장난감 입에 넣기 허용,깨끗하고 안전한 고무 장난감을 아이에게 주어 입으로 탐색하도록 한다. '탐색하고 있어~'라고 말하며 안전하게 관찰한다.,"구강 탐색을 통해 사물의 질감, 형태, 온도를 감각으로 인식하는 능력을 발달시키고, 감각 통합 인지의 초기 기반을 형성한다.","인지 (학습, 사고, 문제 해결)","Piaget, J. (1952). The Origins of Intelligence in Children. International Universities Press.",,,,,,
6,#도달행동 #눈손협응,5,손 뻗어 장난감 잡기,아이 손이 닿을 거리에 밝은 장난감을 놓아두고 아이가 손을 뻗어 잡도록 기다린다. 잡으면 '잡았어~!'라고 반응한다. 장난감 위치를 조금씩 바꾼다.,"원하는 사물을 향해 의도적으로 손을 뻗는 도달 행동을 강화하고, 목표 지향적 행동과 눈-손 협응 능력을 발달시킨다.","인지 (학습, 사고, 문제 해결)","Thelen, E. et al. (1993). The transition to reaching. Child Development, 64(4), 1058–1098.",,,,,,
6,#자기조절신호 #신체감각인식,5,배부름 신호 읽기 놀이,수유 중 아이가 입을 돌리거나 고개를 돌리면 '배부른 거야~? 그럼 그만 먹자~'라고 말하며 즉시 멈춘다. 억지로 먹이지 않는다.,"아이의 자기 조절 신호(배부름)를 부모가 인식하고 반응해 자기 조절 능력의 사회적 강화를 제공하고, 신체 감각 인식의 기반을 형성한다.","인지 (학습, 사고, 문제 해결)",CDC. (2023). Developmental Milestones: 6 Months. cdc.gov/ncbddd/actearly,,,,,,
6,#대상영속성 #시각기억,5,숨겨진 장난감 찾기,아이가 보는 앞에서 장난감을 천으로 반쯤 덮는다. 아이가 천을 잡아당기거나 장난감 쪽으로 손을 뻗으면 '찾았어~!'라고 반응하며 장난감을 꺼내준다.,"부분적으로 가려진 물체를 인식하고 탐색하는 대상 영속성 발달의초기 단계를 자극하고, 시각 기억과 문제 해결 동기를 형성한다.","인지 (학습, 사고, 문제 해결)","Piaget, J. (1954). The Construction of Reality in the Child. Basic Books.",,,,,,
6,#촉각변별 #사물특성인지,5,다른 질감 탐색,"부드러운 천, 고무, 딱딱한 플라스틱 장난감을 차례로 손에 쥐어준다. '부드럽지~', '딱딱하지~'라고 말하며 아이의 표정 반응을 관찰한다.","다양한 촉각 자극을 탐색하는 경험을 통해 감각 변별 능력을 발달시키고, 사물의 물리적 특성에 대한 초기 인지 능력을 형성한다.","인지 (학습, 사고, 문제 해결)","Rochat, P. (1998). Self-perception and action in infancy. Experimental Brain Research, 123(1-2), 102–109.",,,,,,
6,#인과경험 #자기효능기초,5,원인-결과 누르기 장난감,버튼을 누르면 소리나 빛이 나는 장난감을 아이 앞에서 작동시켜 보여준다. 아이가 스스로 눌러보도록 손을 유도한다. 작동하면 '눌렀더니 소리 났어~'라고 말한다.,"행동과 결과의 인과 관계를 능동적으로 경험하고, 자신의 행동이 환경을 변화시킨다는 자기 효능감의 초기 형태를 형성한다.","인지 (학습, 사고, 문제 해결)","Gopnik, A., Meltzoff, A., & Kuhl, P. (1999). The Scientist in the Crib. William Morrow.",,,,,,
6,#비교탐색 #주의전환,5,두 장난감 비교 탐색,"크기가 다른 두 장난감을 아이 앞에 놓고 아이가 번갈아 탐색하도록 한다. '이건 크고, 이건 작아~'라고 말하며 아이의 반응을 관찰한다.","두 사물을 번갈아 탐색하는 비교 인지의 초기 형태를 자극하고, 주의 전환 능력과 사물 간 차이 인식의 기반을 형성한다.","인지 (학습, 사고, 문제 해결)","Colombo, J. (2001). The development of visual attention in infancy. Annual Review of Psychology, 52, 337–367.",,,,,,
6,#인과관계 #표면탐색,5,탁자 두드리기 인과놀이,아이 손을 잡고 탁자를 '탁탁' 두드리는 동작을 보여준다. 아이가 스스로 두드리면 '두드렸어~'라고 반응한다. 소리가 나는 면과 안 나는 면을 번갈아 경험시킨다.,"두드리는 행동과 소리 발생의 인과 관계를 경험하고, 다양한 표면의촉각·청각 특성을 탐색하는 인지 능력을 발달시킨다.","인지 (학습, 사고, 문제 해결)","Piaget, J. (1952). The Origins of Intelligence in Children. International Universities Press.",,,,,,
6,#그림상징인식 #그림언어연결,5,그림 카드 주시하기,"단순한 사물 그림 카드(공, 컵, 얼굴 등)를 하나씩 보여주며 '공이야~'라고 말한다. 아이가3초 이상 바라보면 다음 카드로 넘어간다.","그림을 통해 실제 사물의 표상을 인식하는 초기 상징 능력을 자극하고, 그림-언어 연결의 기반을 형성한다.","인지 (학습, 사고, 문제 해결)","DeLoache, J. S. (2004). Becoming symbol-minded. Trends in Cognitive Sciences, 8(2), 66–70.",,,,,,
6,#물리법칙경험 #용기개념기초,5,물 담기 탐색,"목욕 중 컵으로 물을 담고 부어주며 '물이 들어가~', '물이 나와~'라고 말한다. 아이가 컵을 잡으려 하면 함께 잡고 담고 붓는 동작을 경험시킨다.","물의 흘러감과 담김을 관찰하며 물리 법칙의 초기 경험을 제공하고, 용기-내용물 관계의 초기 인지를 형성한다.","인지 (학습, 사고, 문제 해결)","Piaget, J. (1952). The Origins of Intelligence in Children. International Universities Press.",,,,,,
6,#뒤집기발달 #몸통회전,5,뒤집기 도움주기,등으로 누운 아이의 한쪽 다리를 반대편으로 당겨 뒤집기를 유도한다. 아이가 스스로 힘을 써서 뒤집으면 '뒤집었어~!'라고 반응한다. 양방향 반복한다.,"뒤집기에 필요한 몸통 회전과 팔·다리 협응 근육을 강화하고, 자발적 뒤집기 능력의 발달을 촉진한다.",움직임 / 신체 발달,CDC. (2023). Developmental Milestones: 6 Months. cdc.gov/ncbddd/actearly,,,,,,
6,#상지신전 #팔지지능력,5,팔 펴서 밀어올리기,터미 타임 중 아이 손바닥을 매트에 평평하게 놓아준다. 아이가 팔을 쭉 펴서 상체를 들어올리면 '팔 폈어~!'라고 반응한다.,"팔꿈치에서 손목으로 이어지는 상지 신전 근력을 강화하고, 이후 기기와 앉기의 전제가 되는 팔 지지 능력을 발달시킨다.",움직임 / 신체 발달,"Adolph, K. E., & Hoch, J. E. (2019). Motor development. Annual Review of Psychology, 70, 213–240.",,,,,,
6,#지지앉기 #코어근력기초,5,앉기 자세 지지,아이를 앉혀 앞에 손을 짚게 한다. 양손으로 기대어 상체를 지탱하면 '앉았어~'라고 반응한다. 넘어지지 않도록 주변에 쿠션을 받쳐준다.,"지지 앉기에 필요한 상체 균형과 코어 근력을 자극하고, 이후 독립앉기 발달의 기반을 마련한다.",움직임 / 신체 발달,CDC. (2023). Developmental Milestones: 6 Months. cdc.gov/ncbddd/actearly,,,,,,
6,#양손파지 #소근육발달,5,장난감 두 손으로 잡기,아이 앞에 잡기 쉬운 링 장난감이나 큐브를 놓는다. 아이가 양손으로 잡으려 하면 '두 손으로 잡았어~'라고 반응한다.,"양손 협응 파지 능력을 발달시키고, 사물을 두 손으로 탐색하는 소근육 발달을 촉진한다.",움직임 / 신체 발달,"Bayley, N. (2006). Bayley Scales of Infant and Toddler Development, 3rd ed. Pearson.",,,,,,
6,#손간전이 #양손협응,5,한 손에서 다른 손으로옮기기,아이 한 손에 작은 장난감을 쥐어준다. 아이가 스스로 다른 손으로 옮기거나 부모가 빈 손을 내밀어 옮기도록 유도한다. 성공하면 '옮겼어~'라고 반응한다.,"양손 협응의 고차원적 형태인 손 간 전이(transfer) 능력을 자극하고, 소근육 조절과 양손 사용의 발달을 촉진한다.",움직임 / 신체 발달,CDC. (2023). Developmental Milestones: 6 Months. cdc.gov/ncbddd/actearly,,,,,,
6,#하지근력강화 #수중운동,5,물 차기 발 운동,목욕 중 아이 발이 물에 닿게 하고 '발 차봐~'라고 말하며 발목을 살짝 자극한다. 아이가발을 힘차게 차면 '세게 찼어~!'라고 반응한다.,"수중 저항을 활용한 하지 근력 강화를 촉진하고, 능동적 하지 운동경험을 통해 이후 기기와 걷기의 기초 근력을 형성한다.",움직임 / 신체 발달,"Thelen, E. (1995). Motor development: A new synthesis. American Psychologist, 50(2), 79–95.",,,,,,
6,#체중지지 #자세조절,5,무릎 위 서기 연습,아이를 부모 무릎 위에 세워 두 발이 허벅지에 닿게 한다. 아이가 다리를 뻗어 체중을 지지하면 '서고 있어~'라고 반응한다. 30~60초 이내로 제한한다.,"하지 체중 지지 경험을 반복해 다리 근력과 자세 조절 능력을 발달시키고, 이후 잡고 서기의 근육 기반을 형성한다.",움직임 / 신체 발달,"Adolph, K. E., & Hoch, J. E. (2019). Motor development. Annual Review of Psychology, 70, 213–240.",,,,,,
6,#손가락촉각 #소근육기초,5,손가락으로 음식 탐색,삶아 으깬 고구마나 바나나 조각을 아이 앞에 놓고 손가락으로 탐색하도록 한다. 아이가손가락으로 집으려 하면 '집어봐~'라고 유도한다.,"손가락 끝 촉각 감각과 소근육 조절 능력의 초기 형태를 자극하고, 이후 핀셋 파지 발달의 기반을 형성한다.",움직임 / 신체 발달,American Academy of Pediatrics. (2023). Starting Solid Foods. healthychildren.org,,,,,,
6,#목적이동기초 #뒤집기활용,5,굴러서 이동하기,아이가 뒤집기를 이미 할 수 있다면 장난감을 살짝 멀리 놓고 굴러서 가도록 유도한다. 아이가 장난감 쪽으로 이동하면 '갔어~!'라고 반응한다.,"뒤집기를 이동 수단으로 활용하는 경험을 제공해 목적 지향적 신체이동의 초기 형태를 발달시키고, 이후 기기 발달의 동기를 형성한다.",움직임 / 신체 발달,"Adolph, K. E., & Hoch, J. E. (2019). Motor development. Annual Review of Psychology, 70, 213–240.",,,,,,
6,#상지근력 #파지지속력,5,물건 잡아당기기,아이 앞에 부드러운 스카프나 천을 놓고 '잡아봐~'라며 끝을 쥐어준다. 아이가 잡아당기면살짝 저항을 주어 잡아당기는 힘을 강화한다. '당겼어~!'라고 반응한다.,"잡아당기는 동작을 통해 상지 굴곡 근력과 손 파지 지속력을 강화하고, 목적을 가진 상지 운동 능력을 발달시킨다.",움직임 / 신체 발달,"Bayley, N. (2006). Bayley Scales of Infant and Toddler Development, 3rd ed. Pearson.",,,,,,
,,,,,,,,,,,,,
9,#낯가림완화 #안전기지,6,낯가림 안심 루틴,"낯선 사람이 왔을 때 아이를 안고 '이분은 OO이야, 괜찮아~'라고 말해준다. 먼저 부모가방문자와 편안하게 대화하는 모습을 보여주어 안전 신호를 준다.","낯선 사람에 대한 불안을 부모의 안정 신호로 완화하고, 낯가림(stranger anxiety)이 정상 발달임을 활용해 안전 기지 역할을 강화한다.",사회성 / 감정,"Ainsworth, M. D. S. (1978). Patterns of Attachment. Erlbaum.",,,,,,
9,#감정표정어휘 #정서인식,6,다양한 표정 이름 붙이기,"아이 앞에서 기쁨·슬픔·분노·놀람 표정을 과장되게 짓고 '기쁜 얼굴~', '놀란 얼굴~'이라고이름을 붙여준다. 아이가 반응하면 '맞아, 이게 OO한 얼굴이야~'라고 반응한다.","다양한 감정 표정을 인식하고 이름과 연결하는 정서 어휘 기반을 형성하고, 타인의 감정 상태를 얼굴 단서로 파악하는 능력을 발달시킨다.",사회성 / 감정,"Denham, S. A. (1998). Emotional Development in Young Children. Guilford Press.",,,,,,
9,#호명반응 #사회적주의,6,이름 부르면 쳐다보기,"다른 활동 중인 아이의 이름을 부른다. 아이가 고개를 돌려 쳐다보면 '맞아, 네 이름이야!'라고 반응하며 눈을 맞춘다. 다양한 상황에서 반복한다.","자신의 이름을 사회적 신호로 인식하고 반응하는 호명 반응 능력을강화하고, 사회적 자극에 대한 주의 전환 능력을 발달시킨다.",사회성 / 감정,CDC. (2023). Developmental Milestones: 9 Months. cdc.gov/ncbddd/actearly,,,,,,
9,#분리불안완화 #재결합예측,6,분리 인사 루틴 만들기,아이를 두고 떠날 때 '엄마 잠깐 갔다 올게~'라고 말하고 손을 흔들며 나간다. 돌아와서'엄마 왔어~'라고 말하며 안아준다. 예측 가능한 루틴으로 반복한다.,"분리-재결합의 예측 가능한 패턴을 경험해 분리 불안을 완화하고, 부모가 사라져도 돌아온다는 대상 영속성의 사회적 맥락을 형성한다.",사회성 / 감정,"Ainsworth, M. D. S. (1978). Patterns of Attachment. Erlbaum.",,,,,,
9,#까꿍놀이 #사회적상호작용,6,까꿍 놀이 반응 즐기기,"천이나 손으로 얼굴을 가렸다가 '까꿍~!'하며 나타난다. 아이가 웃거나 기대하는 반응을보이면 반복한다. 아이가 천을 잡아당겨 까꿍을 시작하면 '맞아, OO이가 까꿍했어!'라고반응한다.","까꿍 놀이의 즐거움을 통해 사회적 놀이 참여 능력을 강화하고, 대상 영속성과 예측 능력이 결합된 사회적 상호작용 능력을 발달시킨다.",사회성 / 감정,"Gopnik, A., Meltzoff, A., & Kuhl, P. (1999). The Scientist in the Crib. William Morrow.",,,,,,
9,#비언어요청 #소통효능감,6,들어달라고 팔 들기 반응,아이가 팔을 들어 올려달라는 신호를 보내면 즉시 '들어줄게~'라고 말하며 안아준다. 신호를 이해했다는 반응을 말로 표현해준다.,"의도적 신체 신호(팔 올리기)를 통한 요청 행동을 강화하고, 비언어적 의사소통이 타인의 행동을 이끌어낸다는 소통 효능감을 형성한다.",사회성 / 감정,"Bates, E. et al. (1979). The Emergence of Symbols. Academic Press.",,,,,,
9,#공동주의 #사회적참조,6,인형 가리켜 반응하기,"인형을 보며 '저게 뭐야?'라고 묻는다. 아이가 인형을 바라보거나 손을 뻗으면 '맞아, 인형이야~'라고 반응한다. 부모가 먼저 가리키며 공동 주의를 유도한다.","공동 주의(joint attention) 능력을 강화하고, 타인이 가리키는 방향을 따라보는 사회적 참조 능력의 발달을 촉진한다.",사회성 / 감정,"Tomasello, M. (1995). Joint attention as social cognition. In Moore & Dunham (Eds.), Joint Attention. Erlbaum.",,,,,,
9,#상호작용주도 #사회적기대,6,놀이 중단 반응 관찰,"아이와 놀다가 갑자기 멈추고 무표정으로 3~5초 기다린다. 아이가 반응(소리, 손짓)을 보이면 다시 놀이를 재개하며 '맞아, 더 하고 싶었구나~'라고 말해준다.","사회적 상호작용의 단절과 재개를 경험해 상호작용 주도성과 의사표현 능력을 강화하고, 사회적 기대 능력을 발달시킨다.",사회성 / 감정,"Stern, D. N. (1985). The Interpersonal World of the Infant. Basic Books.",,,,,,
9,#부정감정공감 #정서안전감,6,감정 상황 공감해주기,"아이가 장난감을 빼앗기거나 원하는 것을 못 얻어 울면 '속상했구나, 그랬겠다~'라고 공감한다. 바로 해결해주기 전에 먼저 감정을 말로 인정해준다.","자신의 부정적 감정이 타인에게 인식되고 공감받는 경험을 통해 감정 조절 능력의 사회적 기반을 형성하고, 정서적 안전감을 강화한다.",사회성 / 감정,"Denham, S. A. (1998). Emotional Development in Young Children. Guilford Press.",,,,,,
9,#성취감 #사회적강화,6,박수로 반응 유도,아이가 무언가를 해냈을 때 박수를 치며 '잘했어~!'라고 크게 반응한다. 아이가 박수 소리에 반응해 웃거나 다시 행동을 반복하면 '또 해봐~'라고 유도한다.,"성공 경험에 대한 사회적 강화를 제공해 성취감과 자기 효능감의 초기 형태를 형성하고, 칭찬에 반응하는 사회적 인식 능력을 발달시킨다.",사회성 / 감정,"Feldman, R. (2007). Parent–infant synchrony. Current Directions in Psychological Science, 16(6), 340–345.",,,,,,
9,#반복음절옹알이 #단어연결기초,6,마마바바 반복 옹알이,"아이가 '마마마', '바바바' 소리를 낼 때 '맞아, 마마~'라고 반응하며 아이가 소리를 더 내도록 기다린다. 부모도 '마마마~'를 반복하며 교환한다.","반복 음절 옹알이(canonical babbling)를 강화하고, 음절 소리와의미 있는 단어의 연결이 시작되는 발달 단계를 지원한다.",언어 / 소통,"Oller, D. K. (2000). The Emergence of the Speech Capacity. Erlbaum.",,,,,,
9,#몸짓언어연결 #언어이해기초,6,팔 들기 신호 언어 연결,아이가 팔을 들면 '안아줄까?'라고 말하며 즉시 안아준다. 매번 같은 말을 반복해 팔 올리기 신호와 '안아줄까?'라는 언어 표현을 연결한다.,"비언어적 소통 신호와 언어 표현을 연결해 언어 이해의 초기 형태를형성하고, 몸짓과 언어의 통합 소통 능력의 기반을 마련한다.",언어 / 소통,"Bates, E. et al. (1979). The Emergence of Symbols. Academic Press.",,,,,,
9,#수용어휘기반 #반복언어노출,6,간단한 단어 반복 들려주기,"우유, 공, 빠이, 안녕 등 자주 쓰는 단어를 해당 상황에서 반복 말해준다. '공이야~, 공, 공!'처럼 같은 단어를 2~3번 반복하며 사물을 가리킨다.","일상 맥락에서 단어를 반복 노출해 수용 어휘의 기반을 형성하고, 이후 첫 단어 발화를 위한 언어 입력의 양과 질을 높인다.",언어 / 소통,"Hoff, E. (2006). How social contexts support language development. Developmental Review, 26(1), 55–88.",,,,,,
9,#그림단어연결 #수용어휘확장,6,그림책 가리키며 이름말하기,그림책을 펼쳐 '강아지야~'라고 말하며 손가락으로 가리킨다. 아이가 그림을 바라보면 '봤어~'라고 반응하며 다음 그림으로 넘어간다. 3~5개 그림 반복한다.,"그림과 단어의 연결을 통해 수용 어휘력을 확장하고, 책을 통한 언어 학습에 대한 긍정적 경험을 형성한다.",언어 / 소통,"Zevenbergen, A. A., & Whitehurst, G. J. (2003). Dialogic Reading. In van Kleeck et al. (Eds.), On Reading Books to Children. Erlbaum.",,,,,,
9,#금지어이해 #언어행동조절,6,안돼 이해 연습,아이가 만지면 안 되는 물건을 잡으려 할 때 '안돼~'라고 차분하게 말한다. 아이가 잠시 멈추면 즉시 '잘했어~'라고 반응한다. 같은 패턴을 일관되게 반복한다.,"안돼'라는 금지어를 상황 맥락으로 이해하는 초기 언어 지시 이해능력을 형성하고, 언어에 따라 행동을 조절하는 능력의 기반을 마련한다.",언어 / 소통,CDC. (2023). Developmental Milestones: 9 Months. cdc.gov/ncbddd/actearly,,,,,,
9,#사회적몸짓언어 #상황표현연결,6,빠이빠이 몸짓 연습,"누군가 떠날 때 '빠이빠이~'라고 말하며 손을 흔드는 시범을 보인다. 아이가 손을 흔들면'잘했어, 빠이빠이!'라고 반응한다. 매번 같은 상황에서 반복한다.","사회적 의례 몸짓(손 흔들기)과 언어 표현을 연결하는 초기 사회적언어 능력을 발달시키고, 상황과 표현의 연결 능력을 형성한다.",언어 / 소통,"Bates, E. et al. (1979). The Emergence of Symbols. Academic Press.",,,,,,
9,#공간언어기초 #청각언어통합,6,소리 위치 말로 알려주기,"소리가 날 때마다 '저기서 소리 났어~', '밖에서 소리 났어~'라고 말해준다. 아이가 소리나는 방향을 찾아보면 '맞아, 저기야~'라고 반응한다.","소리의 위치와 언어 표현을 연결해 공간 언어의 초기 형태를 경험하고, 청각 탐색과 언어 이해를 통합하는 능력을 발달시킨다.",언어 / 소통,"Hoff, E. (2006). How social contexts support language development. Developmental Review, 26(1), 55–88.",,,,,,
9,#동작동요 #신체어휘기초,6,노래 동작 따라하기,머리 어깨 무릎 발'같은 동작 동요를 부르며 해당 신체 부위를 짚는다. 아이가 관심을 보이면 손을 잡고 함께 동작을 해본다.,"언어와 신체 동작을 연결하는 경험을 통해 신체 어휘의 초기 형태를학습하고, 노래를 통한 언어-동작 통합 능력을 발달시킨다.",언어 / 소통,"Hallam, S. (2010). The power of music. International Journal of Music Education, 28(3), 269–289.",,,,,,
9,#억양인식 #운율능력,6,다양한 억양 들려주기,"같은 단어를 물음표 억양('밥?'), 느낌표 억양('밥!'), 평서문 억양('밥.')으로 다양하게 말해준다. 아이의 반응 차이를 관찰하며 '다르지~?'라고 말해준다.","억양과 의미의 관계를 경험해 운율 인식 능력을 발달시키고, 이후언어의 의사소통 기능 이해의 기반을 형성한다.",언어 / 소통,"Kuhl, P. K. (2004). Early language acquisition. Nature Reviews Neuroscience, 5(11), 831–843.",,,,,,
9,#지시이해기초 #언어행동연결,6,짧은 지시 연습,공 줘봐~'라고 말하며 손을 내민다. 아이가 공을 건네면 '잘했어!'라고 반응한다. 처음엔물건을 보여주며 유도하다가 점차 보여주지 않고 말만 한다.,"단어 수준의 간단한 지시를 이해하고 행동으로 연결하는 수용 언어능력의 초기 형태를 발달시키고, 언어-행동 연결의 기반을 형성한다.",언어 / 소통,CDC. (2023). Developmental Milestones: 9 Months. cdc.gov/ncbddd/actearly,,,,,,
9,#대상영속성 #기억탐색,6,숨긴 장난감 찾기,아이가 보는 앞에서 장난감을 수건 아래 완전히 숨긴다. '장난감 어디 갔지?'라고 묻고 아이가 수건을 들추면 '찾았어~!'라고 반응한다.,"완전히 가려진 물체도 존재한다는 대상 영속성 개념을 강화하고, 기억과 탐색 능력을 결합한 초기 문제 해결 능력을 발달시킨다.","인지 (학습, 사고, 문제 해결)","Piaget, J. (1954). The Construction of Reality in the Child. Basic Books.",,,,,,
9,#양손조작 #도구적인과,6,블록 맞부딪치기,블록 두 개를 아이 앞에서 맞부딪쳐 '짝~!' 소리를 낸다. 아이에게 블록 두 개를 쥐어주고따라 해보도록 유도한다. 성공하면 '소리 났어~!'라고 반응한다.,"두 물체를 동시에 조작하는 양손 협응 능력을 강화하고, 두 사물을관계 지어 다루는 초기 도구적 인과 이해를 발달시킨다.","인지 (학습, 사고, 문제 해결)",CDC. (2023). Developmental Milestones: 9 Months. cdc.gov/ncbddd/actearly,,,,,,
9,#공간기억 #대상추적,6,사물 사라짐 추적하기,공이나 장난감을 아이 앞에서 소파 뒤로 굴려 사라지게 한다. '어디 갔지?'라고 묻고 아이가 소파 뒤를 바라보거나 이동하면 '찾았어~'라고 반응한다.,움직여 사라진 물체의 위치를 기억하고 추적하는 공간 기억과 대상추적 능력을 강화한다.,"인지 (학습, 사고, 문제 해결)","Piaget, J. (1954). The Construction of Reality in the Child. Basic Books.",,,,,,
9,#용기인과 #공간관계기초,6,컵에 블록 넣기,컵과 블록을 꺼내 블록을 컵에 넣는 시범을 보인다. 아이에게 건네고 따라 해보도록 유도한다. 블록이 컵에 들어가면 '넣었어~!'라고 반응한다.,"사물을 용기에 담는 인과 관계를 학습하고, 목표 지향적 소근육 조작과 공간 관계 이해의 초기 형태를 발달시킨다.","인지 (학습, 사고, 문제 해결)","Bayley, N. (2006). Bayley Scales of Infant and Toddler Development, 3rd ed. Pearson.",,,,,,
9,#도구탐색 #물리특성인식,6,탁자 두드리기 탐색,"블록으로 탁자를 두드리는 시범을 보인다. 아이에게 블록을 건네고 따라 두드리도록 유도한다. 소리가 다른 표면(방석, 바닥)도 두드려 비교한다.","도구를 이용한 탐색 행동을 발달시키고, 다른 표면이 다른 소리를만든다는 물리적 특성 인식의 기초를 형성한다.","인지 (학습, 사고, 문제 해결)","Gopnik, A., Meltzoff, A., & Kuhl, P. (1999). The Scientist in the Crib. William Morrow.",,,,,,
9,#공간탐색 #탐구능력,6,서랍 열고 탐색하기,낮은 서랍을 열고 안에 있는 물건을 꺼내는 시범을 보인다. 아이가 서랍을 열거나 안을 탐색하면 '찾았어~'라고 반응한다. 위험한 물건은 미리 치워둔다.,"숨겨진 공간을 탐색하는 호기심과 탐구 능력을 자극하고, 공간의 안팎 개념과 사물 탐색 전략을 발달시킨다.","인지 (학습, 사고, 문제 해결)","Piaget, J. (1952). The Origins of Intelligence in Children. International Universities Press.",,,,,,
9,#인과이해강화 #문제해결동기,6,원인-결과 버튼 장난감,버튼을 누르면 동물이 튀어나오는 장난감을 보여주며 작동시킨다. 아이가 버튼을 누르려시도하면 기다려주고 성공하면 '눌렀더니 나왔어~!'라고 반응한다.,"자신의 행동이 예측 가능한 결과를 만든다는 인과 이해를 강화하고, 의도적 문제 해결 시도의 동기를 자극한다.","인지 (학습, 사고, 문제 해결)","Gopnik, A., Meltzoff, A., & Kuhl, P. (1999). The Scientist in the Crib. William Morrow.",,,,,,
9,#이동경로추적 #공간예측,6,물건 이동 경로 추적,"장난감을 왼쪽→오른쪽으로 천천히 이동시킨다. 아이의 시선이 장난감을 따라가면 '따라봤어~'라고 반응한다. 위→아래, 가까이→멀리로도 반복한다.",움직이는 사물의 이동 경로를 예측하고 추적하는 시각 추적과 공간예측 능력을 강화한다.,"인지 (학습, 사고, 문제 해결)","Haith, M. M. (1980). Rules That Babies Look By. Erlbaum.",,,,,,
9,#비교인지 #사물특성인식,6,두 사물 비교 탐색,"크기·색깔·모양이 다른 사물 두 개를 번갈아 쥐어준다. 아이가 두 사물을 번갈아 탐색하면'이건 이렇고, 저건 저렇지~'라고 특성을 말해준다.","두 사물을 비교하며 탐색하는 인지 유연성과 주의 전환 능력을 발달시키고, 사물 특성 인식의 기반을 형성한다.","인지 (학습, 사고, 문제 해결)","Colombo, J. (2001). The development of visual attention in infancy. Annual Review of Psychology, 52, 337–367.",,,,,,
9,#모방학습 #행동습득,6,간단한 모방 놀이,탁자를 두드리거나 공을 굴리는 단순 동작을 보여주고 아이가 따라 하도록 기다린다. 아이가 모방하면 '똑같이 했어~!'라고 반응하며 다른 동작으로 확장한다.,"타인의 행동을 관찰하고 모방하는 사회적 학습 능력의 초기 형태를강화하고, 모방을 통한 새로운 행동 습득 능력을 발달시킨다.","인지 (학습, 사고, 문제 해결)","Meltzoff, A. N. (1988). Infant imitation and memory. Child Development, 59(1), 217–225.",,,,,,
9,#독립앉기 #코어발달,6,스스로 앉기 연습,아이를 엎드린 자세에서 옆으로 몸을 굴려 앉는 과정을 유도한다. 아이가 혼자 앉은 자세를 잡으면 '앉았어~!'라고 반응한다. 넘어져도 괜찮다.,"엎드림→옆으로 굴림→앉기의 발달 순서를 경험하고, 코어와 상지를 이용한 독립 앉기 능력의 기초를 형성한다.",움직임 / 신체 발달,CDC. (2023). Developmental Milestones: 9 Months. cdc.gov/ncbddd/actearly,,,,,,
9,#손간전이 #양손협응,6,물건 한 손에서 다른 손으로 옮기기,아이 한 손에 장난감을 쥐어준다. 아이가 스스로 다른 손으로 옮기거나 부모가 빈 손쪽 장난감을 가져다 유도한다. 성공하면 '옮겼어~'라고 반응한다.,"양손 협응의 핵심인 손 간 전이(transfer) 능력을 강화하고, 소근육조절과 양손 사용의 발달을 촉진한다.",움직임 / 신체 발달,CDC. (2023). Developmental Milestones: 9 Months. cdc.gov/ncbddd/actearly,,,,,,
9,#긁기파지 #소근육발달,6,손가락으로 음식 긁어모으기,매트에 작은 뻥튀기나 부드러운 과자 조각을 흩어 놓는다. 아이가 손가락으로 긁어 모으거나 집으려 하면 '긁었어~'라고 반응하며 격려한다.,"손가락 전체를 사용한 긁기 파지(raking grasp)에서 핀셋 파지로발전하는 소근육 발달을 지원하고, 손가락 독립성의 기초를 형성한다.",움직임 / 신체 발달,"Bayley, N. (2006). Bayley Scales of Infant and Toddler Development, 3rd ed. Pearson.",,,,,,
9,#기기준비 #복부이동,6,기기 준비 엎드려 이동,아이 앞에 장난감을 두고 엎드린 자세에서 이동하도록 유도한다. 팔로 밀거나 배를 끌고이동하면 '이동했어~!'라고 반응한다.,기기의 전 단계인 복부 이동(belly crawl)을 경험해 기기에 필요한팔·다리 교대 협응 패턴의 기초를 형성한다.,움직임 / 신체 발달,"Adolph, K. E., & Hoch, J. E. (2019). Motor development. Annual Review of Psychology, 70, 213–240.",,,,,,
9,#잡고서기준비 #대근육협응,6,잡고 일어서기 준비,낮은 소파나 커피 테이블 앞에 앉혀두고 위에 장난감을 올려놓는다. 아이가 가구를 잡고일어서려 시도하면 '일어서려 하네~!'라고 반응하며 안전하게 지켜본다.,"잡고 서기(pull-to-stand)의 초기 시도를 지원하고, 상지 당기기와하지 밀기가 협응되는 대근육 발달 패턴을 자극한다.",움직임 / 신체 발달,"Adolph, K. E., & Hoch, J. E. (2019). Motor development. Annual Review of Psychology, 70, 213–240.",,,,,,
9,#중력경험 #손놓기능력,6,물건 떨어뜨리기 탐색,높은 의자에 앉힌 아이에게 블록을 주고 떨어뜨리도록 유도한다. 아이가 일부러 떨어뜨리면 '떨어졌어~'라고 말하며 주워서 다시 준다.,"사물이 아래로 떨어진다는 중력 개념의 초기 경험을 제공하고, 손놓기(releasing) 능력과 인과 탐구 동기를 발달시킨다.",움직임 / 신체 발달,"Piaget, J. (1952). The Origins of Intelligence in Children. International Universities Press.",,,,,,
9,#이중파지 #양손협응강화,6,두 손으로 블록 두드리기,블록 두 개를 아이 앞에 두고 부모가 먼저 두드리는 시범을 보인다. 아이가 두 손으로 블록을 잡고 부딪히면 '짝~!'이라고 반응한다.,"양손이 각각 물체를 조작하며 협응하는 이중 파지 능력을 강화하고, 목적 지향적 양손 사용 능력을 발달시킨다.",움직임 / 신체 발달,"Bayley, N. (2006). Bayley Scales of Infant and Toddler Development, 3rd ed. Pearson.",,,,,,
9,#동적균형 #앉기안정성,6,독립 앉기 균형 유지,아이를 앉힌 뒤 양옆에 장난감을 놓고 몸을 돌려 잡도록 유도한다. 아이가 넘어지지 않고몸을 돌려 잡으면 '균형 잡았어~'라고 반응한다.,"앉은 자세에서 상체를 회전하는 동적 균형 능력을 강화하고, 독립앉기의 안정성과 신체 자율성을 발달시킨다.",움직임 / 신체 발달,"Adolph, K. E., & Hoch, J. E. (2019). Motor development. Annual Review of Psychology, 70, 213–240.",,,,,,
9,#네발자세 #기기기초,6,네 발 자세 경험,아이를 엎드린 상태에서 배 아래에 수건 롤을 받쳐 손과 무릎이 바닥에 닿는 자세를 만들어준다. 이 자세를 30~60초 유지하며 '네 발로 있어~'라고 말해준다.,"기기(crawling)의 전제가 되는 네 발 자세를 경험하고, 팔꿈치와 무릎 동시 지지에 필요한 코어와 상하지 근력을 발달시킨다.",움직임 / 신체 발달,"Adolph, K. E., & Hoch, J. E. (2019). Motor development. Annual Review of Psychology, 70, 213–240.",,,,,,
9,#핀셋파지기초 #정밀소근육,6,음식 손가락으로 집기,작은 과자나 삶은 당근 조각을 접시에 담아 아이 앞에 놓는다. 아이가 엄지와 검지로 집으려 시도하면 '집어봐~'라고 유도하며 기다린다.,"핀셋 파지(pincer grasp)의 초기 형태를 자극하고, 정밀 소근육 조절 능력의 발달을 촉진해 이후 도구 사용의 기반을 형성한다.",움직임 / 신체 발달,"Bayley, N. (2006). Bayley Scales of Infant and Toddler Development, 3rd ed. Pearson.",,,,,,
,,,,,,,,,,,,,
12,#사회적동기화 #상호작용,5,짝짜꿍 노래 게임,"아이와 마주 앉아 ""짝짜꿍"" 노래를 부르며 손뼉을 마주치는 게임을 3회 반복한다. 아이가 먼저 손을 내밀면 반응을 크게 해준다.","상호작용의 즐거움을 인식하고, 타인의 행동에 맞춰 반응하는 사회적 동기화 능력을 키운다.",사회성 / 감정,CDC. (2023). Developmental Milestones: 12 Months. cdc.gov/ncbddd/actearly,,,,,,
12,#대상영속성 #애착형성,5,까꿍 숨바꼭질,"손이나 수건으로 얼굴을 가렸다가 ""까꿍!"" 하며 나타나기를 5회 반복한다. 아이가 기대하는 표정이 나타나면 즉시 반응해준다.","대상 영속성 개념을 강화하고, 기대-반응 사이클을 통해 사회적 예측 능력과 애착 관계를 발달시킨다.",사회성 / 감정,"Gopnik, A., Meltzoff, A., & Kuhl, P. (1999). The Scientist in the Crib. William Morrow.",,,,,,
12,#순서교대 #또래관계기초,7,공 주고받기,"부드러운 공을 아이에게 굴려주고 아이가 돌려보내길 기다린다. ""이번엔 OO 차례"", ""이번엔 엄마 차례""라고 말하며 순서 개념을 알려준다.",차례를 기다리는 순서 교대 능력을 훈련해 향후 또래 관계의 기초를 마련한다.,사회성 / 감정,"Tomasello, M. (1995). Joint attention as social cognition. In Moore & Dunham (Eds.), Joint Attention. Erlbaum.",,,[태그1] 카테고리,자료 출처,,
12,#감정인식 #표정모방,5,표정 따라하기,아이와 거울 앞에 앉아 기쁨·놀람·슬픔 표정을 과장되게 지어 보인다. 아이가 따라 하면 즉시 박수로 호응한다.,"감정 인식 및 모방 능력을 발달시키고, 타인의 표정을 읽어내는 공감 기반 사회성을 형성한다.",사회성 / 감정,CDC. (2023). Developmental Milestones: 12 Months. cdc.gov/ncbddd/actearly,,,#사회성,CDC (미국 질병통제예방센터) — 발달 마일스톤 공식 기준,,
12,#인사학습 #비언어소통,3,손 흔들어 인사하기,"방에서 나갔다 들어올 때마다 ""안녕~"" 손 흔들기를 반복 연습한다. 아이가 먼저 손을 흔들면 과장된 반응으로 즉각 보상한다.","사회적 의례(인사)를 학습하고, 몸짓으로 의사를 전달하는 비언어적 소통 능력의 기반을 쌓는다.",사회성 / 감정,"Bates, E. et al. (1979). The Emergence of Symbols. Academic Press.",,,#언어,AAP (미국소아과학회) — 소아 언어 발달 가이드,,
12,#공동주의 #정서공유,5,박수 함께 치기,"노래나 리듬에 맞춰 박수를 치며 아이가 따라 하도록 유도한다. 아이가 박수를 치면 ""잘했어요!"" 하며 함께 기쁨을 나눈다.",공동 주의와 공유된 기쁨 경험을 통해 타인과 감정을 나누는 사회적 참여 능력을 키운다.,사회성 / 감정,"Tomasello, M. (2003). Constructing a Language. Harvard University Press.",,,#인지,ASHA (미국 언어청각협회) — 수용/표현 언어 발달 기준,,
12,#사회적교환 #감사표현,7,장난감 건네고 받기,"장난감을 아이에게 건네며 ""고마워""라고 말하도록 유도하고, 아이가 건네면 ""고마워!""라고 응답한다. 3~5회 반복한다.
","주고받는 상호작용을 통해 사회적 교환의 개념을 형성하고, 감사 표현과 사회적 규범의 초기 인식을 발달시킨다.",사회성 / 감정,"Hay, D. F. (1979). Cooperative interactions between very young children. Child Development, 50(1), 246–252.",,,#신체 발달,WHO — 글로벌 아동 발달 마일스톤,,
12,#공동주의 #사회적연결,5,사진 속 얼굴 가리키기,"가족사진을 보여주며 ""할머니 어디있어?""라고 묻고 아이가 손가락으로 가리키면 함께 그 사람의 이름을 말한다.","친밀한 사람들에 대한 인식과 기억을 강화하고, 공동 주의를 통한 사회적 연결감을 형성한다.",사회성 / 감정,"Tomasello, M. (1995). Joint attention as social cognition. In Moore & Dunham (Eds.), Joint Attention. Erlbaum.",,,,"Tomasello, Bates, Bruner, Fenson 등 — 발달심리학·언어획득 분야 핵심 학술 문헌",,
12,#공감능력 #위로행동,7,인형 안아주기 놀이,"인형을 울리는 척하며 ""인형이 속상하대, 안아줄까?"" 하고 아이가 인형을 안거나 쓰다듬도록 유도한다.","타인의 감정에 반응하는 공감 능력의 초기 형태를 자극하고, 위로 행동의 사회적 의미를 학습시킨다.",사회성 / 감정,"Zahn-Waxler, C., & Radke-Yarrow, M. (1990). The origins of empathic concern. Motivation and Emotion, 14(2), 107–130.",,,,,,
12,#공동주의 #신뢰형성,8,함께 책장 넘기기,"그림책을 펼쳐두고 아이가 책장을 넘기면 부모가 그림에 대해 반응한다. 아이가 그림을 가리키면 ""맞아, OO이네!"" 하며 호응한다.","공동 주의 집중 능력을 강화하고, 아이의 관심을 부모가 공유함으로써 상호작용의 즐거움과 신뢰감을 형성한다.",사회성 / 감정,"Zevenbergen, A. A., & Whitehurst, G. J. (2003). Dialogic Reading. In van Kleeck et al. (Eds.), On Reading Books to Children. Erlbaum.",,,,,,
12,#이름인식 #언어이해기초,5,이름 부르기,"아이 이름을 부르며 눈을 맞추고, 아이가 ""응~"" 또는 옹알이로 반응하면 ""맞아, OO야!"" 하며 크게 호응한다. 3~5회 반복한다.","자신의 이름을 사회적 신호로 인식하게 하고, 이름-반응 연결을 통해 언어 이해의 기초를 다진다.",언어 / 소통,American Academy of Pediatrics. (2023). Language Development: 1 Year Olds. healthychildren.org,,,,,,
12,#첫단어발화 #어휘습득,5,마마·빠빠 연습,"부모가 먼저 ""마마"", ""빠빠""를 천천히 말하며 아이가 따라 하도록 유도한다. 아이가 비슷한 소리를 내면 즉시 밝게 반응해준다.","의미 있는 첫 단어 발화를 촉진하고, 특정 소리와 대상(부모)을 연결하는 언어 발달의 핵심 단계를 지원한다.",언어 / 소통,"Fenson, L. et al. (2007). MacArthur-Bates Communicative Development Inventories, 2nd ed. Brookes Publishing.",,,,,,
12,#사회적언어 #몸짓연결,5,안녕 말하기,"방을 나갈 때마다 손을 흔들며 ""안녕~""이라고 말하고 아이가 따라 말하도록 기다린다. 돌아올 때는 ""다녀왔어~""를 추가한다.","상황에 맞는 첫 사회적 언어 표현을 학습하고, 몸짓과 말을 함께 연결하는 능력을 키운다.",언어 / 소통,CDC. (2023). Developmental Milestones: 12 Months. cdc.gov/ncbddd/actearly,,,,,,
12,#금지어이해 #행동조절,7,안돼 경계 연습,"아이가 만지면 안 되는 물건을 집으려 할 때 ""안돼""라고 차분하게 말하고 아이가 멈추면 ""잘했어!"" 하며 크게 칭찬한다.","""안돼"" 같은 금지어를 상황 맥락으로 이해하게 하고, 언어 지시에 따라 행동을 조절하는 능력을 형성한다.",언어 / 소통,CDC. (2023). Developmental Milestones: 12 Months. cdc.gov/ncbddd/actearly,,,,,,
12,#어휘매핑 #수용언어,5,그림책 단어 짚기,"그림책을 펼쳐 ""강아지 어딨어?"" 하고 물은 뒤 아이가 손가락으로 가리키면 ""맞아, 강아지야~""라고 말해준다. 3~4개 단어 반복.","단어와 사물의 연결(어휘 매핑)을 훈련하고, 질문-응답 구조를 통해 초기 언어 이해력을 키운다.",언어 / 소통,"Zevenbergen, A. A., & Whitehurst, G. J. (2003). Dialogic Reading. In van Kleeck et al. (Eds.), On Reading Books to Children. Erlbaum.",,,,,,
12,#음성상징 #발성모방,5,동물 소리 따라하기,"강아지·고양이·소 그림을 보여주며 ""멍멍"", ""야옹"", ""음메"" 소리를 내고 아이가 따라 하면 해당 그림을 손으로 짚어준다.","소리와 의미를 연결하는 음성 상징 학습을 촉진하고, 발성 모방 능력을 통해 초기 단어 발화를 준비시킨다.",언어 / 소통,"Tomasello, M. (2003). Constructing a Language. Harvard University Press.",,,,,,
12,#신체어휘 #수용언어,7,신체 부위 이름 대기,"""코 어딨어?"", ""눈 어딨어?"" 하고 물어보고 아이가 자기 신체를 짚으면 ""맞아, 코야!"" 하고 반복해서 말해준다.","신체 부위 명칭을 언어로 내재화하고, 언어 지시에 따라 행동하는 수용 언어 능력을 발달시킨다.",언어 / 소통,American Speech-Language-Hearing Association (ASHA). (2024). Receptive Language Development in Toddlers. asha.org,,,,,,
12,#요청표현 #의사소통의도,5,원해요 표현 유도,"아이가 좋아하는 간식을 보여주며 손을 내밀고 기다린다. 아이가 소리를 내거나 손짓을 하면 ""줄까?"" 하고 말하며 건네준다.","필요를 소리나 몸짓으로 표현하는 의사소통 의도를 강화하고, 요청 표현의 기초를 형성한다.",언어 / 소통,"Bruner, J. (1983). Child's Talk: Learning to Use Language. Oxford University Press.",,,,,,
12,#지시이해 #언어행동연결,6,간단한 지시 따르기,"""공 가져와"", ""책 여기 줘""처럼 한 단어·두 단어 지시를 내리고 아이가 수행하면 ""잘했어!"" 하며 크게 칭찬한다.","단어 수준의 지시를 이해하고 행동으로 연결하는 수용 언어 능력을 키우고, 언어와 행동의 연결 고리를 형성한다.",언어 / 소통,CDC. (2023). Developmental Milestones: 12 Months. cdc.gov/ncbddd/actearly,,,,,,
12,#음운인식 #자발적발화,8,노래 속 빈칸 채우기,"""곰 세 마리~"" 같은 익숙한 동요를 부르다가 마지막 단어 직전에 멈추고 아이가 소리를 낼 때까지 기다린다.","예측 가능한 언어 패턴 안에서 자발적 발화를 유도하고, 노래를 통한 음운 인식과 발화 타이밍 감각을 키운다.",언어 / 소통,"Hallam, S. (2010). The power of music. International Journal of Music Education, 28(3), 269–289.",,,,,,
12,#인과관계 #손눈협응,7,컵에 블록 넣기,블록과 컵을 아이 앞에 놓고 '블록을 컵에 넣어볼까?'라고 말하며 시범을 보인다. 아이가 넣으면 '넣었다!'라고 말하며 크게 칭찬한다. 3~5회 반복한다.,"용기에 물체를 담는 인과관계를 학습하고, 목표 지향적 행동과 손-눈 협응을 통한 문제 해결 능력의 기초를 형성한다.","인지 (학습, 사고, 문제 해결)",CDC. (2023). Developmental Milestones: 12 Months. cdc.gov/ncbddd/actearly,,,,,,
12,#대상영속성 #표상적사고,5,담요 속 장난감 찾기,아이가 보는 앞에서 좋아하는 장난감을 담요 밑에 숨기고 '장난감 어디 갔지?'라고 묻는다. 아이가 담요를 들추면 '찾았다!'라고 함께 기뻐한다.,"대상 영속성 개념을 강화하고, 보이지 않는 것을 기억하고 탐색하는 표상적 사고의 기초를 발달시킨다.","인지 (학습, 사고, 문제 해결)","Gopnik, A., Meltzoff, A., & Kuhl, P. (1999). The Scientist in the Crib. William Morrow.",,,,,,
12,#대상추적 #기억추론,6,어디 숨었나 두 곳 찾기,"장난감을 아이가 보는 앞에서 방석 A 밑에 숨겼다가, 다시 방석 B 밑으로 옮겨 숨긴다. 아이가 B를 찾으면 성공. 틀려도 B로 유도한다.","이동된 대상을 추적하는 고차원적 대상 영속성을 훈련하고, 기억과 추론을 결합한 초기 문제 해결 능력을 키운다.","인지 (학습, 사고, 문제 해결)","Tomasello, M. (1995). Joint attention as social cognition. In Moore & Dunham (Eds.), Joint Attention. Erlbaum.",,,,,,
12,#인과관계 #논리사고기초,5,쌓기와 무너뜨리기,블록을 2~3개 쌓은 뒤 아이에게 무너뜨리게 한다. 다시 부모가 쌓고 아이가 무너뜨리기를 반복한다. 쌓는 것도 함께 시도한다.,"인과관계(쌓으면 무너진다)를 신체 경험으로 학습하고, 행동의 결과를 예측하는 초기 논리 사고를 자극한다.","인지 (학습, 사고, 문제 해결)",CDC. (2023). Developmental Milestones: 12 Months. cdc.gov/ncbddd/actearly,,,,,,
12,#크기개념 #범주화사고,7,큰 것 작은 것 비교,"같은 종류의 크고 작은 물건(컵, 공 등) 두 개를 나란히 놓고 '이게 크다', '이게 작다'라고 말하며 번갈아 가리킨다. 아이가 가리키면 반응해준다.","크기 개념의 초기 인식을 형성하고, 두 대상을 비교하는 초기 분류·범주화 사고 능력을 발달시킨다.","인지 (학습, 사고, 문제 해결)","Bates, E. et al. (1979). The Emergence of Symbols. Academic Press.",,,,,,
12,#도구사용 #기능적놀이,6,도구 사용 흉내내기,숟가락으로 그릇을 젓는 시범을 보인 뒤 아이에게 건넨다. 아이가 따라 하면 '잘한다~'라고 반응한다. 빗으로 머리 빗기도 시도한다.,"도구의 용도를 이해하는 기능적 사물 인식 능력을 키우고, 목적에 맞는 행동 계획 능력의 기초를 형성한다.","인지 (학습, 사고, 문제 해결)","Tomasello, M. (2003). Constructing a Language. Harvard University Press.",,,,,,
12,#동일성인식 #분류능력,5,같은 것 짝 맞추기,"같은 그림이나 모양의 물건 쌍을 두 개씩 준비해 하나를 보여주며 '이거랑 같은 거 어딨어?'라고 묻는다. 아이가 고르면 '맞아, 똑같다!'라고 한다.","동일성 인식과 초기 분류 능력을 자극하고, 비교·대응의 논리적 사고 기반을 마련한다.","인지 (학습, 사고, 문제 해결)","Hay, D. F. (1979). Cooperative interactions between very young children. Child Development, 50(1), 246–252.",,,,,,
12,#공간추론 #문제해결,7,뚜껑 열고 닫기,여러 크기의 통과 뚜껑을 섞어 놓고 맞는 뚜껑을 찾아 닫도록 유도한다. 처음엔 2개 세트로 시작해 점차 늘린다.,"크기와 형태의 대응 관계를 파악하는 공간 추론 능력을 키우고, 시행착오를 통한 문제 해결 전략을 학습시킨다.","인지 (학습, 사고, 문제 해결)","Tomasello, M. (1995). Joint attention as social cognition. In Moore & Dunham (Eds.), Joint Attention. Erlbaum.",,,,,,
12,#가역적행동 #수량감각,6,물건 꺼내고 다시 넣기,상자에 물건 5개를 넣어두고 하나씩 꺼내도록 유도한다. 다 꺼내면 다시 넣도록 '이제 다시 넣어볼까?'라고 유도한다.,"넣기·꺼내기의 가역적 행동을 이해하고, 수량 감각과 목표 지향적 행동의 지속성을 훈련한다.","인지 (학습, 사고, 문제 해결)","Zahn-Waxler, C., & Radke-Yarrow, M. (1990). The origins of empathic concern. Motivation and Emotion, 14(2), 107–130.",,,,,,
12,#인과탐구 #자기주도학습,8,어떻게 작동하나 탐색,"버튼을 누르면 소리 나는 장난감을 보여주고 시범을 보인다. 아이 스스로 버튼을 눌러 소리를 내도록 기다리고, 성공하면 함께 기뻐한다.","행동-결과의 인과 관계를 직접 경험으로 학습하고, 스스로 탐색하고 해결하는 자기 주도적 문제 해결 동기를 형성한다.","인지 (학습, 사고, 문제 해결)","Zevenbergen, A. A., & Whitehurst, G. J. (2003). Dialogic Reading. In van Kleeck et al. (Eds.), On Reading Books to Children. Erlbaum.",,,,,,
12,#하지근력 #균형감각,7,소파 잡고 일어서기,"아이 옆에 소파나 낮은 테이블을 두고 '일어나볼까?' 하며 부모가 양손을 내민다. 아이 스스로 가구를 잡고 일어서면 '우와, 일어섰다!'라고 크게 칭찬한다. 3회 반복한다.","하지 근력과 균형 감각을 강화하고, 스스로 체중을 지탱하는 직립 보행의 기초 근력을 발달시킨다.",움직임 / 신체 발달,CDC. (2023). Developmental Milestones: 12 Months. cdc.gov/ncbddd/actearly,,,,,,
12,#측면보행 #보행준비,7,가구 잡고 옆으로 걷기,소파나 낮은 테이블 끝에 아이가 좋아하는 장난감을 놓아두고 가구를 잡은 채 옆으로 이동해 장난감을 집도록 유도한다. 거리를 점차 늘린다.,"측면 보행을 통해 균형 감각과 하체 협응력을 키우고, 독립 보행을 위한 근육과 자신감을 동시에 발달시킨다.",움직임 / 신체 발달,CDC. (2023). Developmental Milestones: 12 Months. cdc.gov/ncbddd/actearly,,,,,,
12,#양손협응 #식사독립,5,컵으로 물 마시기,뚜껑 없는 아기 컵에 물을 조금 담아 아이가 두 손으로 잡도록 도와준다. 부모가 함께 컵을 잡아주며 기울여 마시는 동작을 유도한다. 흘려도 괜찮다고 말해준다.,"양손 협응과 손목 조절 능력을 훈련하고, 스스로 마시는 자기 조절 능력과 독립심의 기초를 형성한다.",움직임 / 신체 발달,American Academy of Pediatrics. (2023). Feeding & Nutrition: Your 1-Year-Old. healthychildren.org,,,,,,
12,#핀셋파지 #소근육조절,6,핀셋 잡기 연습,뻥튀기나 작은 과자 조각을 바닥에 5~6개 흩어 놓고 아이가 엄지와 검지로 집어 그릇에 넣도록 유도한다. 집을 때마다 '집었다!' 하며 반응한다.,"핀셋 파지 능력을 강화하고, 소근육 정밀 조절과 눈-손 협응력을 발달시킨다.",움직임 / 신체 발달,"Bayley, N. (2006). Bayley Scales of Infant and Toddler Development, 3rd ed. Pearson.",,,,,,
12,#독립보행 #대근육발달,7,공 향해 걸어가기,부모가 1~2m 앞에 앉아 공을 보여주며 '이리 와보자'라고 부른다. 아이가 붙잡지 않고 몇 걸음이라도 걸어오면 크게 칭찬하고 안아준다.,"독립 보행의 동기를 자극하고, 균형 감각과 보행 자신감을 키우는 핵심 대근육 발달 훈련이다.",움직임 / 신체 발달,CDC. (2023). Developmental Milestones: 12 Months. cdc.gov/ncbddd/actearly,,,,,,
12,#균형유지 #보행협응,6,장난감 밀며 걷기,밀 수 있는 장난감 카트나 의자를 잡고 앞으로 밀며 걷도록 유도한다. 부모가 뒤에서 따라가며 넘어지지 않도록 지켜본다.,"보행 시 균형 유지 능력과 방향 전환 감각을 키우고, 독립 보행 전 단계의 대근육 협응력을 발달시킨다.",움직임 / 신체 발달,"Adolph, K. E., & Hoch, J. E. (2019). Motor development. Annual Review of Psychology, 70, 213–240.",,,,,,
12,#소근육파지 #팔협응,5,물건 집어 건네기,바닥에 앉은 아이 앞에 블록이나 작은 공을 놓고 '이거 엄마한테 줄 수 있어?'라고 말한다. 아이가 집어서 건네면 '고마워!' 하며 다시 돌려준다. 5회 반복한다.,앉은 자세에서 물건을 집어 전달하는 동작으로 소근육 파지력과 팔 뻗기 협응 능력을 함께 훈련한다.,움직임 / 신체 발달,"Bayley, N. (2006). Bayley Scales of Infant and Toddler Development, 3rd ed. Pearson.",,,,,,
12,#계단오르기 #공간지각,7,계단 한 칸 오르기,낮은 계단(10~15cm) 앞에 아이를 세우고 부모가 손을 잡아준다. '올라가보자' 하며 한 발씩 올라가도록 돕는다. 내려올 때도 함께 잡아준다.,"계단 오르기에 필요한 교대 하지 근력과 균형 감각을 훈련하고, 높낮이 공간 지각 능력을 발달시킨다.",움직임 / 신체 발달,"Adolph, K. E., & Hoch, J. E. (2019). Motor development. Annual Review of Psychology, 70, 213–240.",,,,,,
12,#소근육정밀 #촉각감각,5,스티커 떼어 붙이기,큰 스티커를 종이에 붙여두고 아이가 손가락으로 떼어내도록 유도한다. 떼어낸 스티커를 다른 종이에 다시 붙여본다.,"손가락 끝의 촉각 감각과 소근육 정밀 제어 능력을 강화하고, 손가락 독립성의 기초를 형성한다.",움직임 / 신체 발달,"Bayley, N. (2006). Bayley Scales of Infant and Toddler Development, 3rd ed. Pearson.",,,,,,
12,#장애물극복 #대근육협응,6,낮은 장애물 넘기,돌돌 만 담요나 낮은 쿠션을 바닥에 놓고 아이가 붙잡거나 기어서 넘어가도록 유도한다. 넘어가면 '넘었다!'라고 크게 반응한다.,"장애물을 인식하고 신체로 극복하는 공간 지각 능력과 대근육 협응력을 키우고, 도전에 대한 긍정적 반응을 형성한다.",움직임 / 신체 발달,"Adolph, K. E., & Hoch, J. E. (2019). Motor development. Annual Review of Psychology, 70, 213–240.",,,,,,
,,,,,,,,,,,,,
15,#사회적모방 #또래놀이기초,7,장난감 꺼내기 따라하기,"부모가 먼저 바구니에서 블록을 하나씩 꺼내며 '꺼냈다!'라고 말한다. 아이에게 바구니를 건네고 똑같이 해보도록 유도한다. 아이가 따라 하면 '맞아, OO도 꺼냈네!'라고 반응한다.","타인의 행동을 관찰하고 모방하는 사회적 학습 능력을 강화하고, 또래 놀이의 기초가 되는 모방 동기를 발달시킨다.",사회성 / 감정,"Meltzoff, A. N. (1988). Infant imitation and memory. Child Development, 59(1), 217–225.",,,,,,
15,#관심사공유 #정서공유,5,좋아하는 것 보여주기,"아이가 좋아하는 장난감을 들고 부모에게 가져오면 '와, 이거 좋아해? 보여줘서 고마워!'라고 반응한다. 반대로 부모도 물건을 들고 '엄마가 좋아하는 거야, 봐봐~' 하며 보여준다.","자신의 관심사를 타인과 공유하려는 사회적 참조 능력을 키우고, 공동 주의와 정서 공유의 기반을 형성한다.",사회성 / 감정,"Tomasello, M. (1995). Joint attention as social cognition. In Moore & Dunham (Eds.), Joint Attention. Erlbaum.",,,,,,
15,#감정표현 #정서인식,5,신나면 박수치기,"좋아하는 노래를 틀거나 신나는 상황을 만들어 '신난다~!' 하며 부모가 먼저 손뼉을 친다. 아이가 따라 치면 '맞아, 신나면 짝짝!'이라고 감정 이름을 붙여준다.","긍정적 감정을 신체로 표현하는 능력을 강화하고, 감정과 행동을 연결하는 정서 인식의 초기 단계를 발달시킨다.",사회성 / 감정,CDC. (2023). Developmental Milestones: 15 Months. cdc.gov/ncbddd/actearly,,,,,,
15,#위로행동 #공감능력,6,인형 안아주기 놀이 심화,봉제 인형을 아이에게 건네며 '꼭 안아줄까?'라고 묻는다. 아이가 안으면 '인형이 좋겠다~'라고 말해준다. 이번엔 인형이 슬픈 척하며 '위로해줄 수 있어?'라고 유도한다.,애착 대상을 향한 위로와 보살핌 행동을 연습하며 공감 능력과 친사회적 행동의 기초를 형성한다.,사회성 / 감정,"Zahn-Waxler, C., & Radke-Yarrow, M. (1990). The origins of empathic concern. Motivation and Emotion, 14(2), 107–130.",,,,,,
15,#애정표현 #정서유대,5,뽀뽀·포옹 교환하기,"부모가 먼저 '엄마한테 뽀뽀해줄래?'라고 요청한다. 아이가 뽀뽀하면 '고마워, 이번엔 엄마가 해줄게~'라며 포옹과 뽀뽀를 돌아가며 주고받는다.","애정 표현을 주고받는 상호적 경험을 통해 친밀감과 정서적 유대감을 강화하고, 사회적 애정 표현의 규범을 학습한다.",사회성 / 감정,"Ainsworth, M. D. S. (1978). Patterns of Attachment. Erlbaum.",,,,,,
15,#감정인식 #공감발달,7,감정 상황 그림책 보기,표정이 큼직하게 나온 그림책을 펼치며 '이 아이 기분이 어때 보여?'라고 묻는다. 부모가 먼저 '기쁜 것 같다~' 하며 표정을 따라 지어 보인다. 아이도 따라 짓도록 유도한다.,"그림 속 타인의 감정을 인식하고 공감하는 능력을 키우고, 다양한 감정 어휘의 초기 인식 기반을 형성한다.",사회성 / 감정,"Denham, S. A. (1998). Emotional Development in Young Children. Guilford Press.",,,,,,
15,#나눔개념 #친사회적행동,6,나눠 먹기 연습,"과자 두 개를 꺼내 하나는 아이에게, 하나는 부모가 갖는다. '하나는 OO꺼, 하나는 엄마꺼'라고 말하며 함께 먹는다. 아이가 자발적으로 건네면 크게 칭찬한다.","소유와 나눔의 개념을 경험하고, 타인을 배려하는 친사회적 행동의 초기 형태를 자연스럽게 학습시킨다.",사회성 / 감정,"Hay, D. F. (1979). Cooperative interactions between very young children. Child Development, 50(1), 246–252.",,,,,,
15,#역할놀이 #조망수용,7,인형 역할 놀이,"인형 두 개를 꺼내 하나는 부모가, 하나는 아이가 갖는다. '안녕~'하며 인형끼리 인사시키고, 악수·포옹을 해보도록 유도한다.","역할 놀이를 통해 사회적 상호작용 시나리오를 연습하고, 타인의 입장을 인형에 투영하는 초기 조망 수용 능력을 자극한다.",사회성 / 감정,"Fenson, L. et al. (2007). MacArthur-Bates Communicative Development Inventories, 2nd ed. Brookes Publishing.",,,,,,
15,#자기인식 #감정다양성,5,거울 앞 감정 표현,"아이와 함께 거울 앞에 서서 '기쁜 얼굴~' '놀란 얼굴~' '슬픈 얼굴~'을 번갈아 지어 보인다. 아이가 따라 하면 '맞아, 이게 기쁜 얼굴이야!'라고 이름을 붙여준다.","자신의 표정을 시각적으로 인식하고 감정과 연결하는 자기 인식 능력을 키우며, 감정 표현의 다양성을 경험시킨다.",사회성 / 감정,"Denham, S. A. (1998). Emotional Development in Young Children. Guilford Press.",,,,,,
15,#또래관심 #사회적표상,6,친구 사진 보며 반응하기,또래 친구나 사촌 사진을 보여주며 'OO이네! 보고 싶다~' 하고 말한다. '손 흔들어볼까?' 하며 사진 속 친구에게 인사하도록 유도한다.,"또래에 대한 관심과 친밀감을 형성하고, 사진이라는 상징을 통해 부재한 타인을 인식하는 사회적 표상 능력을 발달시킨다.",사회성 / 감정,"Tomasello, M. (1995). Joint attention as social cognition. In Moore & Dunham (Eds.), Joint Attention. Erlbaum.",,,,,,
15,#첫단어발화 #발화강화,6,첫 단어 유도하기,"공' 하고 천천히 말하며 공을 보여준다. 아이가 '고~' 같은 근사한 소리를 내면 '맞아, 공이야!'라고 반응한다. 멍멍이 그림으로도 반복한다.","첫 단어 발화를 촉진하고, 불완전한 발음도 적극 수용해 발화 시도 자체에 대한 긍정적 강화를 형성한다.",언어 / 소통,CDC. (2023). Developmental Milestones: 15 Months. cdc.gov/ncbddd/actearly,,,,,,
15,#수용어휘 #단어사물연결,5,사물 이름 듣고 보기,"방 안에 있는 물건(컵, 신발, 공 등)을 하나씩 말하며 '컵 어딨어?'라고 묻는다. 아이가 그 사물을 눈으로 찾거나 가리키면 '맞아, 컵이야!'라고 반응한다.","수용 어휘력(이해 단어 수)을 확장하고, 단어와 사물의 연결을 강화해 언어 이해의 기반을 다진다.",언어 / 소통,American Speech-Language-Hearing Association (ASHA). (2024). Receptive Language Development in Toddlers. asha.org,,,,,,
15,#다중단서이해 #지시수행,6,손짓+말 지시 따르기,"손을 내밀며 '장난감 줘'라고 말한다. 아이가 건네면 '고마워!'라고 반응하고, 다시 돌려주며 '받아'라고 한다. 몸짓과 말을 함께 쓰는 지시를 3~4가지 반복한다.","몸짓과 언어를 동시에 처리하는 다중 단서 이해 능력을 키우고, 지시 수행을 통해 수용 언어와 사회적 협력 능력을 함께 발달시킨다.",언어 / 소통,"Tomasello, M. (2003). Constructing a Language. Harvard University Press.",,,,,,
15,#가리키기소통 #요청의도,5,손가락 가리키기로 요청하기,아이가 원하는 물건을 손이 닿지 않는 곳에 둔다. 아이가 손가락으로 가리키면 '이거 갖고 싶어?'라고 말하고 건네준다. 말로도 표현하도록 기다려준다.,"손가락 가리키기를 의사소통 수단으로 강화하고, 요청 의도를 언어로 발전시키는 전언어적 소통 능력을 발달시킨다.",언어 / 소통,"Bates, E. et al. (1979). The Emergence of Symbols. Academic Press; WHO. (2006). Child Development Milestones.",,,,,,
15,#명사어휘 #다중감각학습,7,동물 이름 말해보기,"강아지·고양이·새 그림 카드를 하나씩 보여주며 '이게 뭐야?'라고 묻는다. 아이가 소리를 내면 '맞아, 멍멍이야!'라고 반응하고 동물 울음소리도 함께 말해준다.","명사 어휘를 확장하고, 그림-단어-소리를 연결하는 다중 감각 언어 학습을 통해 초기 어휘 습득 속도를 높인다.",언어 / 소통,"Fenson, L. et al. (2007). MacArthur-Bates Communicative Development Inventories (CDIs), 2nd ed. Brookes Publishing.",,,,,,
15,#공유독서 #어휘확장,6,그림책 가리키며 말하기,그림책을 펼쳐 '여기 뭐가 있어?'라고 묻고 아이가 가리키면 그 사물의 이름을 말해준다. 아이가 소리나 단어로 따라 하면 크게 칭찬한다. 3~4페이지 반복한다.,공동 주의 상황에서 어휘를 습득하는 공유 독서 효과를 활용해 어휘력과 언어 표현 동기를 동시에 키운다.,언어 / 소통,"Zevenbergen, A. A., & Whitehurst, G. J. (2003). Dialogic Reading. In van Kleeck et al. (Eds.), On Reading Books to Children. Erlbaum.",,,,,,
15,#긍부정표현 #의사소통의도,5,네/아니오 표현 연습,"아이에게 좋아하는 것과 싫어하는 것을 번갈아 보여주며 '이거 먹을래?'라고 묻는다. 아이가 고개를 끄덕이거나 젓는 행동을 하면 '그렇구나, 좋아/싫어!'라고 언어로 반응해준다.","긍정·부정 의사를 몸짓과 소리로 표현하는 능력을 강화하고, 초기 의사소통 의도를 언어와 연결하는 기반을 형성한다.",언어 / 소통,CDC. (2023). Developmental Milestones: 15 Months. cdc.gov/ncbddd/actearly,,,,,,
15,#음운인식 #자발적발화,7,노래 속 단어 채우기,아이가 익숙한 동요(예: '곰 세 마리')를 부르다 핵심 단어 직전에 멈추고 기다린다. 아이가 소리를 내면 '맞아!'라고 반응하며 노래를 이어간다.,"예측 가능한 언어 패턴 안에서 자발적 발화를 유도하고, 음운 인식과 단어 회상 능력을 노래를 통해 즐겁게 발달시킨다.",언어 / 소통,"Hallam, S. (2010). The power of music. International Journal of Music Education, 28(3), 269–289.",,,,,,
15,#도움요청 #언어효능감,6,도움 요청 말로 표현하기,뚜껑이 단단히 닫힌 통을 아이에게 건넨다. 아이가 가리키거나 건네오면 '도와줄까? 도와줘~ 라고 말해봐'라고 유도한다. 말을 시도하면 즉시 도와준다.,"도움 요청이라는 사회적 의사소통 기능을 언어로 표현하도록 촉진하고, 언어가 환경을 바꿀 수 있다는 효능감을 형성한다.",언어 / 소통,"Bruner, J. (1983). Child's Talk: Learning to Use Language. Oxford University Press.",,,,,,
15,#호명반응 #주의집중,5,이름 부르면 반응하기,"다른 방에서 아이 이름을 부르고 '여기야~' 하고 기다린다. 아이가 소리나 움직임으로 반응하면 '잘했어, 여기 있었구나!'라고 반응한다. 3회 반복한다.","자신의 이름에 반응하는 사회적 언어 인식을 강화하고, 호명 반응을 통해 언어적 주의 집중 능력을 발달시킨다.",언어 / 소통,American Academy of Pediatrics. (2023). Language Development: 1 Year Olds. healthychildren.org,,,,,,
15,#기능적놀이 #도구이해,6,전화기 흉내내기,"장난감 전화기나 사용하지 않는 리모컨을 귀에 대고 '여보세요~'라고 말하며 시범을 보인다. 아이에게 건네고 똑같이해보도록 유도한다. 아이가 귀에 가져다 대면 '맞아, 전화받는 거야!'라고 반응한다.","사물의 기능적 용도를 이해하고 흉내 내는 기능적 놀이를 촉진하며, 실생활도구에 대한 개념적 이해를 발달시킨다.","인지 (학습, 사고, 문제 해결)","Fenson, L. et al. (1976). Developmental trends in infant play. Child Development, 47(1), 232–236.",,,,,,
15,#상징놀이 #표상적사고,5,컵으로 마시는척하기,"빈 컵을 들고 '냠냠, 맛있다~'라며 마시는 시늉을 한다. 아이에게 빈 컵을 건네고 따라 해보도록 유도한다. 인형에게도 마시게 하는 흉내를 내도록 확장한다.","사물의 기능을 상징적으로 표현하는 상징 놀이의 초기 형태를 자극하고, 현실과 놀이를 연결하는 표상적 사고를 발달시킨다.","인지 (학습, 사고, 문제 해결)","Piaget, J. (1962). Play, Dreams and Imitation in Childhood. Norton; Leslie, A. M. (1987). Pretense and representation. Psychological Review, 94(4), 412–426.",,,,,,
15,#사물방향인식 #도구개념,6,책 올바르게 펼치기,"그림책을 거꾸로 건네준다. 아이가 스스로 바로잡으려 하는지 관찰하고, 아이가 바로잡으면 '맞아, 이렇게 보는 거야!'라고 한다. 책장을 넘기는 것도 함께 해본다.","사물의 올바른 방향과 사용법을 인식하는 기능적 사물 이해 능력을 키우고, 책이라는 도구의개념적 용도를 내재화한다.","인지 (학습, 사고, 문제 해결)","Striano, T., Tomasello, M., & Rochat, P. (2001). Social and object support for early symbolic play. Developmental Science, 4(4), 442–455.",,,,,,
15,#공간관계 #목표지향행동,7,블록 2개 쌓기,"블록 두 개를 꺼내 하나를 바닥에 놓고 '위에 얹어볼까?'라며 두 번째 블록을 올리는 시범을 보인다. 아이가 따라 쌓으면 '우와, 쌓았다!'라고 크게 반응한다. 무너져도 괜찮다고말해준다.","공간 관계 이해와 손-눈 협응력을 훈련하고, 목표 지향적 행동의 계획 및 실행 능력을 발달시킨다.","인지 (학습, 사고, 문제 해결)","Bayley, N. (2006). Bayley Scales of Infant and Toddler Development, 3rd ed. Pearson; CDC. (2023). Developmental Milestones: 15 Months. cdc.gov/ncbddd/actearly",,,,,,
15,#도전의식 #집중력,7,블록 탑 높이기도전,"블록을 2개 쌓은 뒤 '하나 더 올려볼까?'라며 3번째 블록을건넨다. 아이가 올리려 시도하면 성공 여부와 상관없이 '잘했어, 해봤잖아!'라고 칭찬한다.","2개 쌓기에서 한 단계 높은 목표로 도전하며 집중력과 소근육 조절 능력을 키우고, 실패를 두려워하지 않는 도전 의식을 형성한다.","인지 (학습, 사고, 문제 해결)","Gopnik, A., Meltzoff, A., & Kuhl, P. (1999). The Scientist in the Crib. William Morrow.",,,,,,
15,#도구활용 #계획력,6,숟가락으로 퍼담기,그릇에 블록이나 콩을 담아두고 숟가락으로 떠서 다른 그릇에 옮기는 시범을 보인다. 아이에게 숟가락을 건네고 따라해보도록 유도한다.,"도구(숟가락)의 기능적 용도를 이해하고 활용하는 능력을 키우며, 목적 달성을 위한 도구 사용계획력의 초기 형태를 발달시킨다.","인지 (학습, 사고, 문제 해결)","Rat-Fischer, L., O'Regan, J. K., & Fagard, J. (2012). The emergence of tool use during the second year of life. Journal of Experimental Child Psychology, 113(3), 440–446.",,,,,,
15,#공간추론 #자기주도해결,5,맞는 뚜껑 찾기심화,크기가 다른 통 3개와 뚜껑을 섞어 놓는다. '맞는 뚜껑을 찾아볼까?'라고 말하며 아이가 시행착오를 통해 스스로 맞춰보도록 기다린다. 힌트는 아이가 포기할 때만 준다.,"크기와 형태의 대응 관계를 파악하는 공간 추론능력을 강화하고, 시행착오를 통한 자기 주도적문제 해결 전략을 학습시킨다.","인지 (학습, 사고, 문제 해결)","Piaget, J. (1952). The Origins of Intelligence in Children. International Universities Press.",,,,,,
15,#상징놀이 #일상루틴이해,6,인형 재우기 놀이,인형을 눕히고 담요를 덮어주는 시범을 보이며 '자장자장~'이라고 한다. 아이에게 인형과 담요를 건네고 재워보도록유도한다.,"실제 생활 장면을 놀이로 재현하는 상징 놀이 능력을 발달시키고, 일상 루틴에 대한 인과적 이해(자면 덮어줘야 한다)를 형성한다.","인지 (학습, 사고, 문제 해결)","Leslie, A. M. (1987). Pretense and representation: The origins of 'theory of mind'. Psychological Review, 94(4), 412–426.",,,,,,
15,#인과추론 #감각통합,7,어디서 소리 나지? 탐색,아이가 보지 않을 때 방의 다른 곳에서 방울이나 딸랑이를흔든다. '어디서 소리 나지?'라고 묻고 아이가 소리 나는 방향을 찾아가면 '찾았다!'라고 반응한다.,"청각 자극을 단서로 환경을 탐색하고 원인을 추적하는 인과 추론 능력을 키우며, 보이지 않는것을 소리로 파악하는 감각 통합 능력을 자극한다.","인지 (학습, 사고, 문제 해결)","Gopnik, A., Meltzoff, A., & Kuhl, P. (1999). The Scientist in the Crib. William Morrow.",,,,,,
15,#형태변별 #공간지각,6,같은 모양 넣기,원형·사각형 구멍이 있는 모양 맞추기 장난감을 꺼낸다. 원형 블록을 건네며 '어디에 넣어야 할까?'라고 묻고 아이가맞는 구멍을 찾도록 기다린다. 성공하면 크게 칭찬한다.,"형태 변별과 공간 지각 능력을 훈련하고, 모양과공간의 대응 관계를 파악하는 논리적 사고의 기초를 형성한다.","인지 (학습, 사고, 문제 해결)","Bayley, N. (2006). Bayley Scales of Infant and Toddler Development, 3rd ed. Pearson.",,,,,,
15,#소근육조절 #식사독립,5,손가락으로 집어 먹기,잘게 썬 과일이나 뻥튀기를 접시에 놓고 아이가 손가락으로 집어 스스로 먹도록 기다린다. 도와주지 않고 지켜보다가 성공하면 '혼자 먹었네!'라고 칭찬한다.,"손가락 끝 소근육 조절과 눈-손 협응력을강화하고, 스스로 먹는 자기 주도적 식사능력과 독립심의 기초를 형성한다.",움직임 / 신체 발달,American Academy of Pediatrics. (2023). Finger Foods for Babies and Toddlers. healthychildren.org,,,,,,
15,#도구사용 #손목협응,6,숟가락 쥐고 먹기 시도,숟가락에 요거트나 부드러운 음식을 조금 올려 아이에게건넨다. 아이가 스스로 입으로 가져가도록 기다린다. 흘려도 괜찮다고 말하며 시도 자체를 칭찬한다.,"도구를 사용해 스스로 먹는 자기 조절 능력을 키우고, 손목 회전과 팔 협응력 등 식사 독립에 필요한 소근육 발달을 촉진한다.",움직임 / 신체 발달,"Carruth, B. R., & Skinner, J. D. (2002). Feeding behaviors and other motor development in healthy children. Journal of the American College of Nutrition, 21(2), 88–95.",,,,,,
15,#양손협응 #자기돌봄,5,혼자 컵 들고마시기,손잡이가 달린 아기 컵에 물을 조금 담아 아이 앞에 놓는다. 아이가 스스로 두 손으로 들어 마시도록 기다린다. 성공하면 '혼자 마셨다!'라고 반응한다.,"양손 협응과 손목 조절 능력을 훈련하고, 식사 도구를 독립적으로 사용하는 자기 돌봄 능력의 기초를 형성한다.",움직임 / 신체 발달,American Academy of Pediatrics. (2023). Feeding & Nutrition: Your 1-Year-Old. healthychildren.org,,,,,,
15,#자기돌봄 #양손협응,7,신발 벗기 시도,"신발 앞에 앉혀두고 '신발 벗어볼까?'라고 말하며 벨크로 부분을 떼는 시범을 보인다. 아이가 스스로 시도하도록 기다리고, 조금이라도 당기면 '거의 다 됐어!'라고 격려한다.","스스로 옷을 관리하는 자기 돌봄 행동을시작하고, 손가락 힘과 양손 협응력을 실생활 맥락에서 훈련한다.",움직임 / 신체 발달,CDC. (2023). Developmental Milestones: 15 Months. cdc.gov/ncbddd/actearly,,,,,,
15,#독립보행 #보행자신감,6,혼자 걷기 연습,"양팔을 벌리고 1~2m 거리에서 아이를 부른다. 아이가혼자 걸어오면 '우와, 혼자 걸어왔네!'라며 안아준다. 거리를 조금씩 늘려나간다.","독립 보행 자신감을 강화하고, 균형 감각과 보행 안정성을 반복 훈련을 통해 발달시킨다.",움직임 / 신체 발달,"Adolph, K. E., & Hoch, J. E. (2019). Motor development: Embodied, embedded, enculturated, and enabling. Annual Review of Psychology, 70, 213–240.",,,,,,
15,#하지근력 #공간지각,7,계단 오르내리기,낮은 계단 앞에서 손을 잡아주며 한 발씩 오르도록 돕는다. 올라간 뒤 내려올 때도 함께 잡아준다. 아이가 스스로 발을 내딛으려 하면 기다려준다.,"교대 하지 근력과 균형 감각을 강화하고, 높낮이 공간 지각 및 신체 협응 능력을 실생활 동작으로 발달시킨다.",움직임 / 신체 발달,"Adolph, K. E., & Hoch, J. E. (2019). Motor development. Annual Review of Psychology, 70, 213–240.",,,,,,
15,#동적균형 #하지협응,6,공 발로 차기,"큰 공을 바닥에 놓고 '발로 차볼까?'라며 시범을 보인다. 아이가 공을 향해 발을 내딛도록 유도하고, 발이 닿으면'찼다!'라고 크게 반응한다.",한 발로 균형을 잡고 다른 발로 차는 동작을 통해 하지 협응력과 동적 균형 감각을발달시킨다.,움직임 / 신체 발달,"Bayley, N. (2006). Bayley Scales of Infant and Toddler Development, 3rd ed. Pearson.",,,,,,
15,#소근육조절 #도구조작,5,낙서하기,큰 종이와 굵은 크레파스를 꺼내 부모가 먼저 선을 그으며 '죽죽~'이라고 말한다. 아이에게 크레파스를 건네고스스로 긁적이도록 유도한다. 결과물에 '멋지다!'라고 반응한다.,"손목과 손가락 소근육 조절 능력을 자유로운 탐색을 통해 발달시키고, 도구(크레파스)를 쥐고 조작하는 능력을 키운다.",움직임 / 신체 발달,"Bayley, N. (2006). Bayley Scales of Infant and Toddler Development, 3rd ed. Pearson.",,,,,,
15,#이중과제협응 #보행안정성,7,물건 끌고 다니기,끈이 달린 장난감이나 작은 가방을 아이에게 건네고 '끌고 다녀볼까?'라고 유도한다. 아이가 끌며 방을 돌아다니면 '잘한다~'라고 반응한다.,"보행 중 물건을 조작하는 이중 과제 협응력을 키우고, 걷기의 안정성과 팔-다리 협응 능력을 실생활 맥락에서 강화한다.",움직임 / 신체 발달,CDC. (2023). Developmental Milestones: 15 Months. cdc.gov/ncbddd/actearly,,,,,,
15,#코어근력 #신체자율성,6,스스로 앉고 일어서기,아이가 바닥에서 놀다 스스로 일어나려 할 때 바로 돕지않고 기다린다. 아이가 혼자 일어서면 '혼자 일어났네!'라고 칭찬한다. 앉을 때도 천천히 내려앉는 동작을유도한다.,"앉기·일어서기에 필요한 하지 및 코어 근력을 강화하고, 스스로 자세를 전환하는신체 자율성과 균형 감각을 발달시킨다.",움직임 / 신체 발달,"Adolph, K. E., & Hoch, J. E. (2019). Motor development. Annual Review of Psychology, 70, 213–240.",,,,,,
,,,,,,,,,,,,,
18,#안전기지 #독립심,6,가까이 있는지확인하기,"아이가 방을 돌아다닐 때 부모는 자리를 지키며 '엄마여기 있어~'라고 말한다. 아이가 돌아와 확인하면 '맞아, 여기 있지!'라고 반응하고 다시 탐색하도록 보내준다.","안전 기지로서의 부모를 인식하고, 자율적 탐색과 애착 확인을 반복하며독립심과 신뢰감을 동시에 발달시킨다.",사회성 / 감정,"Ainsworth, M. D. S. (1978). Patterns of Attachment. Erlbaum.",,,,,,
18,#선언적가리키기 #공동주의,5,흥미로운 것 가리켜 알려주기,"산책 중이나 집 안에서 새로운 물건을 발견하면 '어, 저거 봐봐!'라고 말하며 가리키는 시범을 보인다. 아이가손가락으로 가리키면 '오, 알려줘서 고마워!'라고 반응한다.",선언적 가리키기를통해 정보를 타인과 공유하려는 사회적 소통동기를 강화하고 공동 주의 능력을 발달시킨다.,사회성 / 감정,"Tomasello, M. (1995). Joint attention as social cognition. In Moore & Dunham (Eds.), Joint Attention. Erlbaum.",,,,,,
18,#루틴협력 #자기돌봄,5,손 씻기 위해손 내밀기,"식사 전후 '손 씻자~' 하며 아이 손을 기다린다. 아이가먼저 손을 내밀면 '잘했어, 손 씻을 준비 됐네!'라고 반응하며 함께 씻는다.","일상 루틴 속 협력 행동을 학습하고, 상황을예측해 스스로 준비하는 사회적 적응 능력과자기 돌봄 의식을 형성한다.",사회성 / 감정,CDC. (2023). Developmental Milestones: 18 Months. cdc.gov/ncbddd/actearly,,,,,,
18,#공유독서 #사회적유대,7,함께 책 보기,"그림책을 펼쳐 아이와 나란히 앉아 2~3페이지를 함께본다. 아이가 그림을 가리키면 '맞아, OO이네!'라고 반응하고, 아이가 페이지를 넘기려 하면 기다려준다.","공동 주의 집중력과 책에 대한 흥미를 키우고, 부모와의 공유 독서 경험을 통해 언어 발달과 사회적 유대감을 동시에 강화한다.",사회성 / 감정,"Zevenbergen, A. A., & Whitehurst, G. J. (2003). Dialogic Reading. In van Kleeck et al. (Eds.), On Reading Books to Children. Erlbaum.",,,,,,
18,#옷입기독립 #루틴협력,5,옷 입을 때 팔밀어 넣기,"옷을 입힐 때 '팔 넣어볼까?'라고 말하며 소매를 넓게벌려준다. 아이가 스스로 팔을 밀어 넣으면 '잘했어, 혼자 했네!'라고 크게 칭찬한다. 발 들기도 함께 연습한다.","옷 입기 루틴에 능동적으로 참여하는 협력 행동을 학습하고, 자기 돌봄의 초기 단계인 옷입기 독립심의 기반을 형성한다.",사회성 / 감정,CDC. (2023). Developmental Milestones: 18 Months. cdc.gov/ncbddd/actearly,,,,,,
18,#돌봄행동 #공감발달,6,인형 돌봐주기놀이,"인형을 꺼내 '인형이 배고프대, 밥 줄까?'라고 말하며먹이는 흉내를 낸다. 아이에게 인형을 건네고 돌봐보도록 유도한다. 아이의 행동에 '잘 돌봐주네~'라고 반응한다.","타인을 돌보는 친사회적 행동을 역할 놀이로연습하고, 타인의 필요를 인식하고 반응하는공감 능력을 발달시킨다.",사회성 / 감정,"Zahn-Waxler, C., & Radke-Yarrow, M. (1990). The origins of empathic concern. Motivation and Emotion, 14(2), 107–130.",,,,,,
18,#이타적행동 #나눔경험,6,간식 나눠주기,간식을 여러 개 꺼내 '아빠한테도 줄까?'라고 말하며아이가 직접 가져다주도록 유도한다. 받은 사람이 '고마워!'라고 반응하며 아이의 나눔 행동을 강화한다.,"타인을 위해 행동하는 이타적 행동을 경험하고, 나눔이 긍정적 반응을 이끈다는 사회적인과 관계를 학습한다.",사회성 / 감정,"Hay, D. F. (1979). Cooperative interactions between very young children. Child Development, 50(1), 246–252.",,,,,,
18,#감정어휘 #정서조절,5,기분 말해주기,"아이가 울거나 웃을 때 '지금 슬프구나', '기쁘구나'라고 감정 이름을 붙여준다. 부모도 '엄마는 지금 기뻐~'라고 자신의 감정을 표현해 보인다.","감정 어휘를 내면화하고, 자신과 타인의 감정을 인식·표현하는 정서 조절 능력의 기초를형성한다.",사회성 / 감정,"Denham, S. A. (1998). Emotional Development in Young Children. Guilford Press.",,,,,,
18,#또래모방 #사회적학습,7,또래 흉내내기놀이,영상이나 인형으로 또래가 노는 모습을 보여주며 '저친구처럼 해볼까?'라고 유도한다. 아이가 따라 하면'똑같이 했네!'라고 반응하며 모방 행동을 강화한다.,"또래의 행동을 관찰하고 모방하는 사회적 학습 능력을 강화하고, 또래 관계에 대한 긍정적 인식을 형성한다.",사회성 / 감정,"Meltzoff, A. N. (1988). Infant imitation and memory. Child Development, 59(1), 217–225.",,,,,,
18,#인사의례 #분리불안완화,6,작별 인사 연습,외출 전 '다녀올게~' 하며 손을 흔드는 시범을 보인다. 아이가 손을 흔들거나 '빠이빠이'라고 말하면 '잘했어!'라고 반응한다. 돌아와서도 '다녀왔어~'를 함께 연습한다.,"이별과 재회 상황의 사회적 의례를 학습하고, 분리 불안을 줄이는 예측 가능한 루틴으로서의 인사 행동을 내재화한다.",사회성 / 감정,"Ainsworth, M. D. S. (1978). Patterns of Attachment. Erlbaum.",,,,,,
18,#어휘확장 #발화촉진,6,세 번째 단어유도하기,"아이가 자주 보는 사물(신발, 공, 물 등) 중 아직 말하지 않는 것을 골라 천천히 말해주고 기다린다. 비슷한소리라도 내면 '맞아, OO이야!'라고 즉시 반응한다.","마마·빠빠 외 세 번째 이상의 단어 발화를 촉진하고, 새로운 어휘 습득 동기를 강화한다.",언어 / 소통,"Fenson, L. et al. (2007). MacArthur-Bates Communicative Development Inventories, 2nd ed. Brookes Publishing.",,,,,,
18,#반복노출 #어휘내재화,5,일상 단어 반복노출,"목욕, 밥, 잠 등 하루 루틴마다 해당 단어를 반복해서말해준다. '이제 밥 먹자~', '밥이야, 밥!' 하며 같은 단어를 2~3번 반복하고 아이의 발화를 기다린다.","일상 맥락에서 단어를 반복 노출해 어휘를 내재화하고, 상황과 단어의 연결을 강화해 자발적 발화를 촉진한다.",언어 / 소통,"Hoff, E. (2006). How social contexts support and shape language development. Developmental Review, 26(1), 55–88.",,,,,,
18,#순수언어이해 #지시따르기,6,몸짓 없이 지시따르기,"아이와 눈을 맞추고 손짓 없이 '이리 줘'라고만 말한다. 아이가 장난감을 건네면 '잘했어!'라고 반응한다. '여기놔줘', '가져와' 등 1단계 지시로 확장한다.","몸짓 단서 없이 언어만으로 지시를 이해하는순수 언어 처리 능력을 발달시키고, 수용 언어 능력의 수준을 높인다.",언어 / 소통,CDC. (2023). Developmental Milestones: 18 Months. cdc.gov/ncbddd/actearly,,,,,,
18,#표현어휘 #자발적명명,5,그림 가리키며이름 말하기,"그림책을 펼쳐 '이게 뭐야?'라고 묻고 기다린다. 아이가 말하면 반응하고, 말이 없으면 이름을 말해주고 따라 하도록 유도한다. 3~5개 사물 반복한다.","표현 어휘를 확장하고, 질문-응답 구조를 통해 자발적 명명 능력을 발달시킨다.",언어 / 소통,"Zevenbergen, A. A., & Whitehurst, G. J. (2003). Dialogic Reading. In van Kleeck et al. (Eds.), On Reading Books to Children. Erlbaum.",,,,,,
18,#두단어조합 #문법발달,6,두 단어 연결유도,"아이가 '물'이라고 말하면 '물 줘? 라고 해봐~'처럼 두단어 조합을 모델링한다. 아이가 두 단어를 연결하려시도하면 '맞아, 물 줘!'라고 반응하며 강화한다.","단어 조합의 초기 단계를 자극해 문법 발달의기반을 마련하고, 의사소통 효율성을 높이는표현 언어 능력을 발달시킨다.",언어 / 소통,"Tomasello, M. (2003). Constructing a Language. Harvard University Press.",,,,,,
18,#음운인식 #발화부담완화,7,동요 따라 부르기,짧고 반복되는 동요를 틀고 부모가 먼저 따라 부른다. 아이가 흥얼거리거나 단어를 따라 말하면 '같이 불렀네!'라고 반응하며 계속 부른다.,"음운 인식과 단어 기억 능력을 노래를 통해자연스럽게 발달시키고, 발화 시도에 대한 심리적 부담을 낮춘다.",언어 / 소통,"Hallam, S. (2010). The power of music. International Journal of Music Education, 28(3), 269–289.",,,,,,
18,#요청언어화 #언어효능감,5,원하는 것 말로표현하기,아이가 손짓으로 무언가를 요청할 때 바로 주지 않고'뭐 줄까?'라고 묻는다. 아이가 소리나 단어로 표현하면 즉시 건네준다. 몸짓 없이 말만 해도 되도록 상황을자연스럽게 만든다.,"요청 의사를 언어로 표현하는 능력을 강화하고, 말이 환경을 바꿀 수 있다는 언어적 효능감을 형성한다.",언어 / 소통,"Bruner, J. (1983). Child's Talk: Learning to Use Language. Oxford University Press.",,,,,,
18,#표현언어 #신체어휘,6,신체 부위 이름말하기,"코 어딨어?'라고 물으면서 아이가 가리키게 한 뒤, 이번엔 부모가 코를 가리키며 '이게 뭐야?'라고 묻는다. 아이가 '코'라고 말하면 '맞아!'라고 반응한다.","수용(이해)에서 표현(말하기)으로 언어 능력을 한 단계 높이고, 신체 부위 어휘를 능동적으로 사용하는 표현 언어 능력을 발달시킨다.",언어 / 소통,American Speech-Language-Hearing Association (ASHA). (2024). Receptive Language Development in Toddlers. asha.org,,,,,,
18,#이야기이해 #문장이해,7,짧은 이야기 듣고 반응하기,그림책의 한 장면을 보며 '곰이 밥을 먹어요'처럼 짧은문장으로 말해준다. '곰이 뭐 해?'라고 물어 아이가 단어나 몸짓으로 반응하면 '맞아!'라고 반응한다.,"짧은 이야기 구조를 이해하고 내용을 회상하는 능력을 자극하며, 문장 수준의 언어 이해력을 발달시킨다.",언어 / 소통,"Hoff, E. (2006). How social contexts support and shape language development. Developmental Review, 26(1), 55–88.",,,,,,
18,#긍부정언어화 #소통발전,5,네/아니오 단어로 표현하기,"아이에게 좋아하는 것과 싫어하는 것을 번갈아 보여주며 '이거 줄까?'라고 묻는다. 고개 끄덕임·젓기 외에'응', '싫어' 등 말로도 표현하도록 '응이라고 해봐~'라며 모델링한다.","긍정·부정 의사를 언어로 표현하는 능력을 강화하고, 몸짓에서 언어 표현으로 소통 방식을발전시킨다.",언어 / 소통,CDC. (2023). Developmental Milestones: 18 Months. cdc.gov/ncbddd/actearly,,,,,,
18,#가사모방 #역할인식,6,빗자루 쓸기 흉내내기,작은 장난감 빗자루를 꺼내 바닥을 쓰는 시범을 보인다. '같이 쓸어볼까?'라며 아이에게 건네고 따라 하도록 유도한다. 아이가 쓸면 '깨끗해지고 있어!'라고 반응한다.,"실생활 도구의 기능적 용도를 학습하고, 가사활동을 모방하는 상징 놀이를 통해 인과 관계이해와 사회적 역할 인식을 발달시킨다.","인지 (학습, 사고, 문제 해결)","Meltzoff, A. N. (1988). Infant imitation and memory. Child Development, 59(1), 217–225.",,,,,,
18,#도구목적이해 #사회적인지,6,걸레질 흉내내기,작은 천 조각을 건네며 '닦아볼까?'라고 말하며 테이블을 닦는 시범을 보인다. 아이가 천을 들고 닦는 시늉을하면 '깨끗해졌다!'라고 반응한다.,"집안일 모방을 통해 도구 사용 목적과 인과관계를 이해하고, 생활 속 역할에 참여하는사회적 인지 능력을 발달시킨다.","인지 (학습, 사고, 문제 해결)","Fenson, L. et al. (1976). Developmental trends in infant play. Child Development, 47(1), 232–236.",,,,,,
18,#기능적놀이 #공간탐색,7,장난감 차 밀며놀기,장난감 차를 꺼내 '부릉부릉~' 소리를 내며 바닥에서밀어주는 시범을 보인다. 아이에게 건네고 스스로 밀며 놀도록 유도한다. 장애물을 두어 돌아가는 방법도탐색하게 한다.,"장난감의 기능적 특성을 이해하고 목적에 맞게 활용하는 기능적 놀이 능력을 발달시키며, 공간 탐색과 인과 추론 능력을 키운다.","인지 (학습, 사고, 문제 해결)","Fenson, L. et al. (1976). Developmental trends in infant play. Child Development, 47(1), 232–236.",,,,,,
18,#상징놀이 #조망수용,6,인형 먹이기 놀이,숟가락과 그릇을 꺼내 인형에게 밥을 먹이는 시범을보인다. '인형이 배고프대~' 하며 아이가 직접 먹여보도록 유도한다.,"실제 생활 장면을 상징적으로 재현하는 상징놀이 능력을 발달시키고, 타인의 필요를 상상하는 초기 조망 수용 능력을 자극한다.","인지 (학습, 사고, 문제 해결)","Leslie, A. M. (1987). Pretense and representation. Psychological Review, 94(4), 412–426.",,,,,,
18,#공간관계 #소근육조절,7,블록 3개 이상쌓기,"블록 3~4개를 꺼내 하나씩 올리는 시범을 보인다. 아이가 스스로 쌓도록 유도하고, 무너지면 '다시 해보자!'라며 재도전을 격려한다.","공간 관계 이해와 소근육 정밀 조절 능력을강화하고, 목표 지향적 행동의 계획·실행·수정 능력을 발달시킨다.","인지 (학습, 사고, 문제 해결)","Bayley, N. (2006). Bayley Scales of Infant and Toddler Development, 3rd ed. Pearson.",,,,,,
18,#기억추론 #가설검증,6,숨긴 장난감 찾기 심화,아이가 보는 앞에서 장난감을 컵 3개 중 하나에 숨긴다. '어디 있을까?'라고 묻고 아이가 찾도록 기다린다. 성공하면 컵을 살짝 섞은 뒤 다시 찾게 한다.,"기억과 추론을 결합한 고차원적 대상 영속성을 훈련하고, 가설을 세우고 검증하는 초기문제 해결 전략을 발달시킨다.","인지 (학습, 사고, 문제 해결)","Piaget, J. (1954). The Construction of Reality in the Child. Basic Books.",,,,,,
18,#범주화사고 #규칙기반행동,5,같은 것 분류하기,"빨간 블록과 노란 블록을 섞어 놓고 '빨간 건 이 그릇, 노란 건 저 그릇'이라며 시범을 보인다. 아이가 스스로분류하도록 유도하고 맞으면 '맞아!'라고 반응한다.","색깔 기준으로 사물을 분류하는 범주화 사고를 발달시키고, 규칙에 따라 행동을 조직하는초기 논리 사고를 키운다.","인지 (학습, 사고, 문제 해결)","Gopnik, A., Meltzoff, A., & Kuhl, P. (1999). The Scientist in the Crib. William Morrow.",,,,,,
18,#인과탐구 #탐구동기,6,원인·결과 실험,빈 페트병에 작은 블록을 넣어 소리가 나게 한다. '흔들면 소리 나지?'라며 시범을 보이고 아이에게 건넨다. 아이가 흔들어 소리를 내면 '네가 흔들어서 소리 났어!'라고 말한다.,"행동과 결과의 인과 관계를 직접 경험으로 학습하고, 스스로 현상을 만들어내는 탐구적 문제 해결 동기를 강화한다.","인지 (학습, 사고, 문제 해결)","Gopnik, A., Meltzoff, A., & Kuhl, P. (1999). The Scientist in the Crib. William Morrow.",,,,,,
18,#형태변별 #집중력,7,퍼즐 2~3조각맞추기,큼직한 2~3조각 퍼즐을 꺼내 한 조각을 빼고 아이가맞춰 넣도록 유도한다. 시행착오를 충분히 기다려준뒤 성공하면 '찾았다!'라고 크게 반응한다.,"형태 변별과 공간 추론 능력을 강화하고, 시행착오를 통한 자기 주도적 문제 해결 전략및 집중력을 발달시킨다.","인지 (학습, 사고, 문제 해결)","Bayley, N. (2006). Bayley Scales of Infant and Toddler Development, 3rd ed. Pearson.",,,,,,
18,#작동원리탐구 #인내심,6,어떻게 작동하나 탐구,뚜껑을 돌려서 여는 통을 건네주고 아이가 스스로 열어보도록 기다린다. 여러 번 시도해도 안 되면 살짝 힌트를 준다. 열리면 '해냈어!'라고 크게 반응한다.,"도구의 작동 원리를 탐색하고, 시행착오를 통해 새로운 해결책을 발견하는 자기 주도적 탐구 능력과 인내심을 키운다.","인지 (학습, 사고, 문제 해결)","Rat-Fischer, L., O'Regan, J. K., & Fagard, J. (2012). The emergence of tool use. Journal of Experimental Child Psychology, 113(3), 440–446.",,,,,,
18,#방향전환 #동적균형,6,혼자 걷기 방향바꾸기,좁은 복도나 방에서 아이가 혼자 걷다가 방향을 바꾸도록 유도한다. '이쪽으로 와봐~' 하며 반대 방향에서부른다. 스스로 돌아오면 '혼자 방향 바꿨네!'라고 반응한다.,"독립 보행의 안정성과 방향 전환 능력을 강화하고, 동적 균형 감각과 공간 탐색 능력을 발달시킨다.",움직임 / 신체 발달,"Adolph, K. E., & Hoch, J. E. (2019). Motor development. Annual Review of Psychology, 70, 213–240.",,,,,,
18,#자기표현 #소근육발달,5,자유 낙서하기,큰 종이를 바닥에 펼치고 굵은 크레파스를 건넨다. '마음대로 그려봐~'라며 아이가 자유롭게 긁적이도록 둔다. 결과물에 '멋지다!'라고 반응하며 어떤 그림인지 물어본다.,"소근육 조절 능력을 자유로운 탐색으로 발달시키고, 도구를 통한 자기 표현 경험이 창의성과 자기 효능감의 기초를 형성한다.",움직임 / 신체 발달,"Bayley, N. (2006). Bayley Scales of Infant and Toddler Development, 3rd ed. Pearson.",,,,,,
18,#손목조절 #도전의식,5,컵으로 물 마시기 연습,"뚜껑 없는 컵에 물을 조금 담아 아이에게 건넨다. 아이가 스스로 들고 마시도록 기다린다. 흘려도 '괜찮아, 잘했어!'라고 말하며 닦아준다.","양손 협응과 손목 조절 능력을 훈련하고, 실패를 두려워하지 않는 도전 의식을 자연스러운 식사 맥락에서 형성한다.",움직임 / 신체 발달,American Academy of Pediatrics. (2023). Feeding & Nutrition: Your 1-Year-Old. healthychildren.org,,,,,,
18,#핀셋파지 #식사독립,5,손가락으로 집어 먹기 심화,"작은 과일 조각이나 치즈 큐브를 접시에 담아 아이 앞에 놓는다. 아이가 엄지와 검지로 집어 먹도록 기다리고, 스스로 먹으면 '혼자 먹었네!'라고 반응한다.","핀셋 파지의 정밀도를 높이고, 자기 주도적식사 능력을 강화해 독립적인 식사 습관의 기반을 형성한다.",움직임 / 신체 발달,"Carruth, B. R., & Skinner, J. D. (2002). Feeding behaviors in healthy children. Journal of the American College of Nutrition, 21(2), 88–95.",,,,,,
18,#숟가락파지 #식사독립,6,숟가락으로 먹기 연습,요거트나 으깬 감자처럼 숟가락에 잘 붙는 음식을 그릇에 담아준다. 아이가 숟가락으로 퍼서 입으로 가져가도록 기다린다. 흘려도 시도 자체를 칭찬한다.,"숟가락 파지와 손목 회전 능력을 훈련하고, 도구를 사용한 자기 주도적 식사 독립의 기반을 형성한다.",움직임 / 신체 발달,"Carruth, B. R., & Skinner, J. D. (2002). Feeding behaviors in healthy children. Journal of the American College of Nutrition, 21(2), 88–95.",,,,,,
18,#코어근력 #신체자율성,7,소파 오르내리기,낮은 소파 앞에 서게 하고 '올라가볼까?'라고 유도한다. 아이가 스스로 무릎을 올리고 오르면 '혼자 올랐네!'라고 반응한다. 내려올 때도 '천천히~'라며 스스로하도록 기다린다.,"팔·다리 협응과 코어 근력을 실생활 동작으로강화하고, 높이에 대한 공간 지각과 신체 자율성을 발달시킨다.",움직임 / 신체 발달,CDC. (2023). Developmental Milestones: 18 Months. cdc.gov/ncbddd/actearly,,,,,,
18,#던지기협응 #사회적놀이,6,공 던지고 받기,부드러운 공을 아이에게 굴려주고 '이번엔 엄마한테던져봐~'라고 유도한다. 아이가 던지면 받고 '잘 던졌어!'라고 반응한다. 거리를 조금씩 늘린다.,"어깨와 팔의 대근육 협응력을 강화하고, 던지기-받기의 순서 교대를 통해 사회적 신체 놀이의 기초를 형성한다.",움직임 / 신체 발달,"Bayley, N. (2006). Bayley Scales of Infant and Toddler Development, 3rd ed. Pearson.",,,,,,
18,#계단보행 #균형감각,7,계단 손잡고 오르기,계단 앞에서 아이 손을 잡고 '한 발씩 올라가자~'라고말하며 함께 오른다. 아이가 스스로 발을 내딛으면 기다려준다. 3~4칸 이내로 제한한다.,"계단 오르기에 필요한 교대 하지 근력과 균형감각을 발달시키고, 높낮이 공간 지각 및 보행 자신감을 강화한다.",움직임 / 신체 발달,"Adolph, K. E., & Hoch, J. E. (2019). Motor development. Annual Review of Psychology, 70, 213–240.",,,,,,
18,#균형감각 #보행조절,6,선 따라 걷기,바닥에 마스킹 테이프로 직선을 붙여두고 '이 선 위로걸어봐~'라고 유도한다. 아이가 선을 따라 걸으면 '잘한다!'라고 반응한다. 곡선이나 지그재그로 심화한다.,"균형 감각과 신체 위치 인식(고유감각)을 훈련하고, 목표 지향적 보행 조절 능력을 발달시킨다.",움직임 / 신체 발달,"Adolph, K. E., & Hoch, J. E. (2019). Motor development. Annual Review of Psychology, 70, 213–240.",,,,,,
18,#이중과제 #팔다리협응,5,물건 들고 걷기,가벼운 장난감이나 작은 가방을 들고 방 반대편까지걸어가도록 유도한다. 물건을 떨어뜨리지 않고 목적지에 도착하면 '도착했다!'라고 반응한다.,"보행 중 물건을 조작하는 이중 과제 협응력을강화하고, 목표 지향적 보행과 팔-다리 협응능력을 실생활 맥락에서 발달시킨다.",움직임 / 신체 발달,CDC. (2023). Developmental Milestones: 18 Months. cdc.gov/ncbddd/actearly,,,,,,
,,,,,,,,,,,,,
24,#고통인식 #위로행동,6,다친 사람 알아채기,"부모가 '아야!' 하고 손을 잡으며 아픈 척한다. 아이가멈추거나 다가오면 '맞아, 엄마가 아파. 괜찮아?'라고물으며 위로하는 법을 보여준다. 아이가 다가와 만지면 크게 반응해준다.","타인의 고통 신호를 인식하고 반응하는 공감능력을 발달시키고, 위로 행동의 사회적 의미를 실제 상황에서 학습한다.",사회성 / 감정,"Zahn-Waxler, C., & Radke-Yarrow, M. (1990). The origins of empathic concern. Motivation and Emotion, 14(2), 107–130.",,,,,,
24,#감정인식 #표정이해,5,슬픈 표정 알아채기,"부모가 슬픈 표정을 지으며 '엄마가 슬퍼'라고 말한다. 아이가 다가오거나 표정을 살피면 '맞아, 슬플 때는 이런 얼굴이야'라고 설명하고 아이를 안아준다.","얼굴 표정을 통해 타인의 감정 상태를 파악하는 정서 인식 능력을 강화하고, 감정과 표정의연결을 내재화한다.",사회성 / 감정,"Denham, S. A. (1998). Emotional Development in Young Children. Guilford Press.",,,,,,
24,#사회적참조 #판단력,6,새 상황에서얼굴 확인하기,낯선 장난감이나 새로운 소리를 들려준다. 아이가 부모 얼굴을 쳐다보면 밝게 웃으며 '재밌어~'라고 반응한다. 부모 표정으로 상황을 판단하는 과정을 자연스럽게 지원한다.,"사회적 참조 능력을 강화하고, 불확실한 상황에서 타인의 감정 표현을 단서로 행동을 결정하는 사회적 판단력을발달시킨다.",사회성 / 감정,"Sorce, J. F., Emde, R. N., Campos, J. J., & Klinnert, M. D. (1985). Maternal emotional signaling. Developmental Psychology, 21(1), 195–200.",,,,,,
24,#화남이해 #갈등인식,7,화난 상황 이해하기,인형 두 개를 가지고 한 인형이 다른 인형의 장난감을빼앗는 시늉을 한다. '이 인형이 화났겠지?'라고 물으며 아이가 반응하도록 유도한다. '화가 나면 어떻게 할까?'라고 함께 이야기한다.,"타인이 화나는 상황을 이해하고 그 감정에 공감하는 능력을 키우며, 갈등 상황에 대한 초기사회적 이해를 형성한다.",사회성 / 감정,"Denham, S. A. (1998). Emotional Development in Young Children. Guilford Press.",,,,,,
24,#친사회적행동 #공감실천,5,친구 위로하기역할놀이,"인형이 넘어져 우는 척한다. '인형이 울어, 어떻게 해줄까?'라고 묻고 아이가 안아주거나 쓰다듬으면 '잘 위로해줬네!'라고 반응한다.","타인의 고통에 반응해 위로 행동을 취하는 친사회적 행동을 연습하고, 공감 기반의 사회적행동 레퍼토리를 확장한다.",사회성 / 감정,"Zahn-Waxler, C., & Radke-Yarrow, M. (1990). The origins of empathic concern. Motivation and Emotion, 14(2), 107–130.",,,,,,
24,#감정어휘 #정서인식,6,감정 이름 맞추기 놀이,"표정 카드(기쁨·슬픔·놀람·화남)를 하나씩 보여주며'이 친구 기분이 어때?'라고 묻는다. 아이가 단어나 표정으로 대답하면 '맞아, OO한 얼굴이야!'라고 반응한다.","다양한 감정 어휘를 학습하고 표정과 감정을연결하는 정서 인식 능력을 발달시키며, 감정표현의 다양성을 경험한다.",사회성 / 감정,"Denham, S. A. (1998). Emotional Development in Young Children. Guilford Press.",,,,,,
24,#협력행동 #도움요청,7,함께 문제 해결하기,아이가 혼자 열기 어려운 상자를 건넨다. 아이가 도움을 요청하거나 가져오면 '같이 해보자~'라고 말하며 함께 열어낸다. '같이 하니까 됐지!'라고 반응한다.,"어려운 상황에서 타인에게 도움을 요청하고협력하는 사회적 문제 해결 능력을 키우고, 협동의 긍정적 경험을 형성한다.",사회성 / 감정,"Tomasello, M. (2009). Why We Cooperate. MIT Press.",,,,,,
24,#충동조절 #만족지연,6,기다리기 연습,아이가 간식을 달라고 할 때 '잠깐만~'이라고 말하고30초 후에 건네준다. 기다리면 '잘 기다렸어!'라고 크게 칭찬한다. 점차 기다리는 시간을 늘려간다.,"충동 조절과 만족 지연 능력을 훈련하고, 사회적 상황에서 규칙을 이해하고 따르는 자기 조절 능력의 기초를 형성한다.",사회성 / 감정,"Mischel, W. (2014). The Marshmallow Test. Little, Brown and Company.",,,,,,
24,#감사표현 #친사회적언어,5,고마워 표현연습,"아이에게 물건을 건네줄 때 '고마워라고 해봐~'라고 유도한다. 아이가 말하면 '잘했어, 고마워!'라고 반응한다. 반대로 아이가 뭔가를 건네면 부모도 '고마워~'라고 말해준다.","감사 표현을 일상 속에서 자연스럽게 학습하고, 사회적 예의와 관계 유지를 위한 친사회적언어 사용 능력을 형성한다.",사회성 / 감정,"Hay, D. F. (1979). Cooperative interactions between very young children. Child Development, 50(1), 246–252.",,,,,,
24,#조망수용 #역할이해,6,역할 바꾸기놀이,"아이와 번갈아 역할을 바꿔 논다. 부모가 아이 역할을하고 아이가 부모 역할(밥 주기, 재우기)을 해보도록유도한다. '이번엔 OO이가 엄마야~'라고 설정해준다.","타인의 관점과 역할을 경험하는 조망 수용 능력의 초기 형태를 자극하고, 사회적 역할에 대한 이해를 심화시킨다.",사회성 / 감정,"Leslie, A. M. (1987). Pretense and representation. Psychological Review, 94(4), 412–426.",,,,,,
24,#수용언어 #그림언어연결,6,책 속 사물 가리키기,"그림책을 펼쳐 '곰이 어디 있지?'라고 묻고 아이가 가리키도록 기다린다. 맞으면 '맞아, 여기 있네!'라고 반응한다. 3~5개 사물로 확장한다.","질문 형식의 언어를 이해하고 책 속 정보를 찾아내는 수용 언어 능력을 강화하며, 그림과 언어의 연결을 심화시킨다.",언어 / 소통,"Zevenbergen, A. A., & Whitehurst, G. J. (2003). Dialogic Reading. In van Kleeck et al. (Eds.), On Reading Books to Children. Erlbaum.",,,,,,
24,#두단어발화 #문법구조,5,두 단어 문장말하기,아이가 '우유'라고 하면 바로 주지 않고 '우유 더?'라고모델링한다. 아이가 두 단어를 따라 말하면 즉시 건네며 '우유 더! 잘했어~'라고 반응한다.,"두 단어 조합 발화를 촉진해 초기 문법 구조형성을 지원하고, 의사소통의 효율성과 표현언어 능력을 발달시킨다.",언어 / 소통,"Tomasello, M. (2003). Constructing a Language. Harvard University Press.",,,,,,
24,#작업기억 #신체어휘,5,신체 부위 두곳 가리키기,"눈이랑 코 보여줘~'라고 말하고 아이가 두 곳을 차례로 가리키도록 기다린다. 성공하면 '눈이랑 코, 맞아!'라고 반응한다. 귀·입 등으로 조합을 바꿔 반복한다.","두 개의 언어 지시를 순서대로 처리하는 작업기억과 수용 언어 능력을 강화하고, 신체 어휘를 능동적으로 사용하는 능력을 발달시킨다.",언어 / 소통,CDC. (2023). Developmental Milestones: 24 Months. cdc.gov/ncbddd/actearly,,,,,,
24,#몸짓언어 #복합소통,5,고개 끄덕이기·젓기 연습,"사과 좋아해?'라고 물으며 부모가 먼저 고개를 끄덕이는 시범을 보인다. '싫어하는 거 있어?'라고 물으며 젓는 시범도 보인다. 아이가 따라 하면 '맞아, 고개로 말했네!'라고 반응한다.","몸짓 언어의 다양성을 확장하고, 언어와 비언어적 소통 수단을 함께 활용하는 복합 의사소통 능력을 발달시킨다.",언어 / 소통,"Bates, E. et al. (1979). The Emergence of Symbols. Academic Press.",,,,,,
24,#사회적몸짓 #비언어소통,6,키스 보내기몸짓 배우기,부모가 손에 키스를 하고 날려 보내는 시범을 보이며'사랑해~'라고 말한다. 아이가 따라 하면 '나도 받았어~!'라고 크게 반응한다. 전화 통화 흉내를 내며 확장한다.,"언어 외 다양한 사회적 몸짓을 학습하고, 몸짓과 감정 표현을 연결하는 비언어적 소통 능력의 레퍼토리를 확장한다.",언어 / 소통,"Bates, E. et al. (1979). The Emergence of Symbols. Academic Press.",,,,,,
24,#문법확장 #표현선택,7,두 단어 문장다양하게 확장,"아이가 말하는 단어에 하나를 더해 두 단어로 확장해반복해준다. 아이가 '공'이라 하면 '공 줘', '공 굴려', '공크다'처럼 다양한 조합을 모델링한다.","다양한 두 단어 조합을 경험해 초기 문법 구조의 폭을 넓히고, 상황에 맞는 표현 선택 능력을 발달시킨다.",언어 / 소통,"Hoff, E. (2006). How social contexts support and shape language development. Developmental Review, 26(1), 55–88.",,,,,,
24,#의문사이해 #대화구조,6,간단한 질문에대답하기,"이게 뭐야?', '어디 있어?', '누구야?'처럼 한 단어로 대답할 수 있는 질문을 한다. 아이가 단어나 몸짓으로 대답하면 '맞아!'라고 반응한다.","다양한 의문사를 이해하고 적절히 반응하는능력을 키우고, 질문-응답 대화 구조의 초기형태를 발달시킨다.",언어 / 소통,American Speech-Language-Hearing Association (ASHA). (2024). Receptive Language Development in Toddlers. asha.org,,,,,,
24,#자발적명명 #어휘인출,6,사물 이름 자발적으로 말하기,"일상 속 물건(신발, 컵, 책 등)을 들고 아이가 스스로이름을 말할 때까지 기다린다. 말하면 '맞아, OO이야!'라고 반응하고, 말이 없으면 첫 소리만 힌트로 준다.","자발적 명명 능력을 강화하고, 힌트없이 단어를 떠올리는 어휘 인출 능력을 발달시킨다.",언어 / 소통,"Fenson, L. et al. (2007). MacArthur-Bates Communicative Development Inventories, 2nd ed. Brookes Publishing.",,,,,,
24,#이야기구성 #내러티브,7,짧은 이야기만들기,"그림책 한 장면을 보며 '곰이 뭐 해?', '어디 가?'처럼연속 질문을 한다. 아이의 대답을 이어받아 '맞아, 곰이집에 가네~'처럼 짧은 이야기를 함께 만든다.",연속적인 언어 교환을 통해 이야기 구조를 이해하고 내러티브를 구성하는 초기 언어 능력을 발달시킨다.,언어 / 소통,"Bruner, J. (1983). Child's Talk: Learning to Use Language. Oxford University Press.",,,,,,
24,#관습적몸짓 #비언어확장,5,동작 몸짓 다양하게 연습,"잘 잤어?' 물으며 두 손을 모아 베는 흉내, '맛있어?'라고 물으며 손으로 동그라미를 그리는 시범을 보인다. 아이가 따라 하면 '맞아, 그게 OO 몸짓이야!'라고 반응한다.","언어를 보완하는 다양한 관습적 몸짓을 학습하고, 몸짓과 의미를 연결하는 비언어적 소통능력을 확장한다.",언어 / 소통,"Goldin-Meadow, S. (2003). Hearing Gesture: How Our Hands Help Us Think. Harvard University Press.",,,,,,
24,#양손역할분담 #도구조작,6,한 손으로 잡고 뚜껑 열기,통을 한 손으로 잡고 다른 손으로 뚜껑을 돌려 여는 시범을 보인다. 아이에게 건네고 스스로 해보도록 기다린다. 성공하면 '두 손이 함께 했네!'라고 반응한다.,"양손 협응의 고차원적 형태인 보조손·주도손역할 분담 능력을 발달시키고, 목적 달성을 위한 도구 조작 계획력을 키운다.","인지 (학습, 사고, 문제 해결)","Rat-Fischer, L., O'Regan, J. K., & Fagard, J. (2012). The emergence of tool use. Journal of Experimental Child Psychology, 113(3), 440–446.",,,,,,
24,#양손협응 #소근육조절,5,용기 잡고 숟가락으로 젓기,"그릇을 한 손으로 잡고 숟가락으로 젓는 시범을 보인다. '이쪽 손은 그릇 잡고, 이쪽 손은 저어봐~'라고 말하며 아이가 따라 하도록 유도한다.","두 손이 서로 다른 역할을 동시에 수행하는 양손 협응 능력을 훈련하고, 실생활 도구 사용에필요한 소근육 조절력을 강화한다.","인지 (학습, 사고, 문제 해결)","Fagard, J. (2013). The role of imitation in the stabilization of handedness. Frontiers in Psychology, 4, 947.",,,,,,
24,#인과탐구 #자기주도학습,6,장난감 스위치·버튼 누르기,버튼을 누르면 소리나 빛이 나는 장난감을 건넨다. '어떻게 하면 소리 날까?'라고 묻고 아이가 스스로 탐색하도록 기다린다. 성공하면 '버튼 눌렀더니 소리 났네!'라고 반응한다.,"인과 관계를 탐색하고 도구의 작동 원리를 파악하는 능력을 키우고, 스스로 탐구하는 자기주도적 학습 동기를 강화한다.","인지 (학습, 사고, 문제 해결)","Gopnik, A., Meltzoff, A., & Kuhl, P. (1999). The Scientist in the Crib. William Morrow.",,,,,,
24,#구조탐색 #인과학습,7,손잡이 돌려열기,손잡이가 달린 장난감 상자나 병을 건네며 '이건 어떻게 열까?'라고 묻는다. 아이가 손잡이를 돌리거나 당기려 시도하면 '잘 생각했어!'라고 격려한다.,"사물의 구조를 탐색하고 작동 방식을 추론하는 문제 해결 능력을 키우며, 시행착오를 통한인과적 학습 능력을 발달시킨다.","인지 (학습, 사고, 문제 해결)","Piaget, J. (1952). The Origins of Intelligence in Children. International Universities Press.",,,,,,
24,#복합조작 #상징놀이,7,장난감 접시에음식 올리기,장난감 접시와 음식 모형을 꺼내 '접시에 담아볼까?'라고 유도한다. 아이가 음식을 접시에 올리면 '맛있겠다~'라고 반응하며 어떤 음식인지 이름을 물어본다.,"두 개 이상의 사물을 관계 지어 동시에 조작하는 능력을 발달시키고, 실생활 장면을 재현하는 상징 놀이를 통해 인지적 표상 능력을 강화한다.","인지 (학습, 사고, 문제 해결)","Leslie, A. M. (1987). Pretense and representation. Psychological Review, 94(4), 412–426.",,,,,,
24,#주의분배 #복합상징놀이,6,인형 놀이 동시 진행,인형 두 개와 장난감 컵을 꺼내 두 인형에게 번갈아 차를 마시게 하는 시범을 보인다. 아이가 두 인형을 동시에 활용하며 놀도록 유도한다.,"두 개 이상의 대상을 동시에 관리하는 주의 분배 능력과 복합 상징 놀이 능력을 발달시키고, 사회적 시나리오 구성력을 키운다.","인지 (학습, 사고, 문제 해결)","Fenson, L. et al. (1976). Developmental trends in infant play. Child Development, 47(1), 232–236.",,,,,,
24,#서열화 #수학적사고,5,크기 순서 배열하기,큰·중간·작은 컵 3개를 섞어 놓고 '작은 것부터 늘어놓아 볼까?'라며 시범을 보인다. 아이가 따라 늘어놓으면'순서대로 됐네!'라고 반응한다.,"크기 개념을 이해하고 순서에 따라 사물을 배열하는 서열화 능력을 발달시키며, 초기 수학적 사고의 기초를 형성한다.","인지 (학습, 사고, 문제 해결)","Piaget, J. (1952). The Origins of Intelligence in Children. International Universities Press.",,,,,,
24,#색깔개념 #범주지각,6,색깔 이름 맞추기,"빨강·파랑·노랑 블록을 꺼내 '빨간 거 줘볼래?'라고 말한다. 아이가 맞는 색을 고르면 '맞아, 빨간색이야!'라고 반응하며 색깔 이름을 반복해준다.","색깔 개념을 언어와 연결해 내재화하고, 범주적 지각과 언어 지시에 따른 선택 능력을 발달시킨다.","인지 (학습, 사고, 문제 해결)","Gopnik, A., Meltzoff, A., & Kuhl, P. (1999). The Scientist in the Crib. William Morrow.",,,,,,
24,#형태변별 #공간추론,7,3조각 퍼즐 완성하기,3조각 퍼즐을 꺼내 한 조각을 빼두고 '어디에 들어갈까?'라고 묻는다. 아이가 맞는 자리를 찾아 끼우면 '찾았다!'라고 크게 반응한다. 두 조각으로 심화한다.,"형태 변별과 공간 추론 능력을 강화하고, 전체-부분 관계를 이해하며 목표를 달성하는 문제 해결 집중력을 발달시킨다.","인지 (학습, 사고, 문제 해결)","Bayley, N. (2006). Bayley Scales of Infant and Toddler Development, 3rd ed. Pearson.",,,,,,
24,#고차상징놀이 #인지유연성,6,가상 놀이 시나리오 만들기,"블록을 자동차라고 가정하며 '부릉~ 주유소 왔어요'라고 말하며 가상 시나리오를 시작한다. 아이가 역할을이어받아 놀면 '맞아, OO이 운전하네!'라고 반응하며놀이를 확장한다.","사물을 다른 무언가로 대체하는 고차원적 상징 놀이 능력을 발달시키고, 창의적 서사 구성과 인지적 유연성을 키운다.","인지 (학습, 사고, 문제 해결)","Leslie, A. M. (1987). Pretense and representation. Psychological Review, 94(4), 412–426.",,,,,,
24,#동적균형 #하지협응,6,공 발로 차기,큰 공을 바닥에 놓고 '발로 세게 차봐~'라며 시범을 보인다. 아이가 발을 내딛어 공에 닿으면 '찼다!'라고 반응하고 거리를 늘려 다시 도전하게 한다.,"한 발로 균형을 잡고 다른 발로 공을 차는 동적 균형 감각과 하지 협응력을 강화하고, 목표지향적 대근육 동작을 발달시킨다.",움직임 / 신체 발달,"Bayley, N. (2006). Bayley Scales of Infant and Toddler Development, 3rd ed. Pearson.",,,,,,
24,#도약능력 #하지근력,6,뛰어보기,"부모가 먼저 제자리에서 뛰며 '폴짝~!'이라고 말한다. 아이에게 '같이 뛰어봐~'라고 유도하고, 아이가 발이떨어지면 '뛰었다!'라고 크게 반응한다. 앞으로 뛰기도시도한다.","양발 도약과 착지에 필요한 하지 근력과 동적균형 감각을 발달시키고, 달리기와 구별되는도약 동작 능력을 키운다.",움직임 / 신체 발달,CDC. (2023). Developmental Milestones: 24 Months. cdc.gov/ncbddd/actearly,,,,,,
24,#계단보행 #이동방식전환,7,계단 걸어 올라가기,계단 앞에서 '두 발로 걸어 올라가 보자~'라고 말하며난간을 잡도록 안내한다. 기어 올라가려 하면 '발로 걸어봐~'라며 유도한다. 3~4칸 이내로 시작한다.,"교대 보행으로 계단을 오르는 하지 협응력과균형 감각을 발달시키고, 기기에서 걷기로 이동 방식을 전환하는 신체 인지 능력을 키운다.",움직임 / 신체 발달,"Adolph, K. E., & Hoch, J. E. (2019). Motor development. Annual Review of Psychology, 70, 213–240.",,,,,,
24,#식사독립 #자기효능감,5,숟가락으로 스스로 먹기,떠먹기 쉬운 음식을 그릇에 담아 아이 앞에 놓고 스스로 먹도록 기다린다. 도와주지 않고 지켜보다 성공하면 '혼자 먹었네!'라고 칭찬한다. 흘려도 시도를 격려한다.,"숟가락 파지와 손목 조절 능력을 강화하고, 자기 주도적 식사 독립을 완성하며 성취감과 자기 효능감을 형성한다.",움직임 / 신체 발달,"Carruth, B. R., & Skinner, J. D. (2002). Feeding behaviors in healthy children. Journal of the American College of Nutrition, 21(2), 88–95.",,,,,,
24,#달리기협응 #신체조절,7,달리기 출발·정지 연습,출발!'이라고 말하면 달리고 '멈춰!'라고 말하면 서는게임을 한다. 부모가 함께 달리며 시범을 보이고 아이가 지시에 맞게 멈추면 '잘 멈췄어!'라고 반응한다.,"달리기와 급정지에 필요한 대근육 협응력과억제 능력을 훈련하고, 언어 지시에 따라 신체를 조절하는 자기 조절 능력을 발달시킨다.",움직임 / 신체 발달,"Adolph, K. E., & Hoch, J. E. (2019). Motor development. Annual Review of Psychology, 70, 213–240.",,,,,,
24,#팔협응 #공간예측,6,공 굴리고 받기,마주 앉아 공을 굴려주고 아이가 두 손으로 잡도록 유도한다. '이번엔 엄마한테 굴려봐~'라고 말하며 주고받기를 반복한다. 거리를 조금씩 늘린다.,"팔과 손의 협응력을 강화하고, 굴러오는 공의속도와 방향을 예측하는 공간 지각 및 반응 능력을 발달시킨다.",움직임 / 신체 발달,"Bayley, N. (2006). Bayley Scales of Infant and Toddler Development, 3rd ed. Pearson.",,,,,,
24,#정적균형 #하지근력,6,한 발로 잠깐서기,부모가 한 발로 서는 시범을 보이며 '학처럼 서봐~'라고 유도한다. 아이가 한 발을 들어 잠깐이라도 버티면'잘했어!'라고 반응한다. 벽을 잡아도 괜찮다.,"한 발 지지에 필요한 정적 균형 감각과 하지근력을 발달시키고, 신체 균형 인식과 자기 조절 능력을 키운다.",움직임 / 신체 발달,"Bayley, N. (2006). Bayley Scales of Infant and Toddler Development, 3rd ed. Pearson.",,,,,,
24,#소근육조절 #쓰기준비,5,선 긋기·동그라미 그리기,종이에 직선을 그어 보여주고 '따라 그려봐~'라고 유도한다. 아이가 선을 긋거나 동그라미 비슷한 형태를 그리면 '선 그었네!'라고 반응한다.,"소근육 조절 능력과 도구(연필·크레파스) 파지력을 강화하고, 의도적 선 긋기를 통해 쓰기준비 능력의 기초를 형성한다.",움직임 / 신체 발달,"Bayley, N. (2006). Bayley Scales of Infant and Toddler Development, 3rd ed. Pearson.",,,,,,
24,#복합협응 #장애물회피,7,장애물 넘어달리기,낮은 쿠션 2~3개를 바닥에 놓고 '이거 넘어 달려봐~'라고 유도한다. 아이가 장애물을 피하거나 넘으며 달리면 '다 넘었다!'라고 크게 반응한다.,"달리면서 장애물을 인식하고 회피하는 복합대근육 협응력과 공간 지각 능력을 발달시키고, 도전적 신체 활동에 대한 자신감을 키운다.",움직임 / 신체 발달,"Adolph, K. E., & Hoch, J. E. (2019). Motor development. Annual Review of Psychology, 70, 213–240.",,,,,,
24,#던지기조절 #운동계획,6,공 위로 던지기,가벼운 공을 두 손으로 위로 던지는 시범을 보이며 '위로 던져봐~'라고 유도한다. 아이가 공을 위로 던지면'올라갔다!'라고 반응한다. 높이를 경쟁해도 좋다.,"어깨와 팔의 대근육 협응력을 강화하고, 던지기 방향을 조절하는 운동 계획 능력과 힘 조절능력을 발달시킨다.",움직임 / 신체 발달,"Bayley, N. (2006). Bayley Scales of Infant and Toddler Development, 3rd ed. Pearson.",,,,,,
,,,,,,,,,,,,,
30,#평행놀이 #또래공존,8,옆에서 함께 놀기,다른 아이 옆에 아이를 앉히고 각자 블록을 가지고 놀게 한다. 아이가 옆 친구를 흘끔 보거나 비슷한 동작을 하면 '친구 옆에서 놀고 있네~'라고 반응한다. 자연스럽게 함께 놀 때'같이 놀고 있어!'라고 반응한다.,"평행 놀이(parallel play)에서 협력 놀이(cooperative play)로 전환하는 초기 경험을 제공하고, 또래와의 공존 능력과 사회적 관찰학습을 발달시킨다.",사회성 / 감정,"Parten, M. B. (1932). Social participation among preschool children. Journal of Abnormal and Social Psychology, 27(3), 243–269.",,,,,,
30,#자아효능감 #사회적인정,6,나 봐봐! 격려하기,"아이가 '나 봐봐!' 또는 '엄마 봐!'라고 외치면 즉시 하던 일을 멈추고 바라본다. '우와, 잘했어!'라고 반응한다. 보지 않으면 아이가 다시 시도하므로 일관되게 반응한다.",자신의 능력을 타인에게 보여주려는 자기 과시(self-display) 동기를 긍정적으로 강화해 자아 효능감과 사회적 인정 욕구의 건강한 발달을 지원한다.,사회성 / 감정,"Harter, S. (1999). The Construction of the Self. Guilford Press.",,,,,,
30,#지시따르기 #책임감기초,7,장난감 치우기 함께하기,"치우자~' 하고 말하며 부모가 먼저 장난감 하나를 상자에 넣는다. 아이가 따라 넣으면 '고마워, 도와줬네!'라고 반응한다. '하나, 둘, 셋~' 세며 함께 치워본다.","언어 지시에 따라 일상 루틴을 수행하는 능력을 강화하고, 청소라는가사 참여를 통해 책임감과 협력 능력의 초기 형태를 발달시킨다.",사회성 / 감정,CDC. (2023). Developmental Milestones: 30 Months. cdc.gov/ncbddd/actearly,,,,,,
30,#순서기다리기 #충동조절,7,친구와 차례 지키기,"하나의 장난감을 두고 '이번엔 OO 차례, 다음엔 친구 차례'라고 말하며 번갈아 쓰도록 유도한다. 차례를 기다리면 '잘 기다렸어!'라고 칭찬한다.","또래와의 놀이에서 순서를 지키는 사회적 규칙 이해와 충동 조절 능력을 발달시키고, 협력 놀이의 기반을 형성한다.",사회성 / 감정,"Mischel, W. (2014). The Marshmallow Test. Little, Brown and Company.",,,,,,
30,#정서표현 #감정언어,6,감정 이름 대화하기,"아이가 기분이 안 좋아 보일 때 '지금 속상해?'라고 물어본다. 아이가 고개를 끄덕이면 '속상했구나, 왜 그랬어?'라고 물으며 감정을 말로 표현하도록 유도한다.","자신의 감정을 언어로 표현하는 정서 표현 능력을 강화하고, 감정-언어 연결을 통해 자기 이해와 정서 조절의 기반을 형성한다.",사회성 / 감정,"Denham, S. A. (1998). Emotional Development in Young Children. Guilford Press.",,,,,,
30,#친사회적행동 #돕기경험,7,친구 도와주기 역할놀이,"인형이 블록을 혼자 쌓으려 힘들어하는 시늉을 한다. '친구가 힘들어 보여, 도와줄까?'라고 묻고 아이가 인형을 도와주면 '고마워~'라고 인형이 말하게 한다.","타인의 어려움을 인식하고 자발적으로 도움을 주는 친사회적 행동을 역할 놀이로 연습하고, 도움을 주는 행동의 긍정적 결과를 경험시킨다.",사회성 / 감정,"Tomasello, M. (2009). Why We Cooperate. MIT Press.",,,,,,
30,#규칙이해 #자기조절,7,규칙 있는 간단한 게임,"빨간 불 초록 불' 게임을 한다. 초록 불이면 달리고, 빨간 불이면 멈추는 규칙을 설명한다. 아이가 규칙을 따르면 '규칙 지켰어!'라고 반응한다.","게임 규칙을 이해하고 따르는 능력을 발달시키고, 규칙 기반 사회행동의 초기 경험을 통해 자기 조절 능력을 강화한다.",사회성 / 감정,"Piaget, J. (1965). The Moral Judgment of the Child. Free Press.",,,,,,
30,#사과학습 #도덕적행동기초,6,잘못했을 때 사과하기,아이가 실수로 물건을 넘어뜨리거나 친구를 다치게 하면 '괜찮아?'라고 묻고 '미안해라고해볼까?'라고 유도한다. 사과하면 '잘했어~'라고 반응한다.,"타인에게 미친 영향을 인식하고 사과하는 도덕적 행동의 초기 형태를 학습하고, 관계 회복의 사회적 의미를 경험시킨다.",사회성 / 감정,"Piaget, J. (1965). The Moral Judgment of the Child. Free Press.",,,,,,
30,#소유개념 #타인배려,7,내 물건과 친구 물건 구분하기,"아이의 컵과 부모의 컵을 나란히 놓고 '이건 OO꺼, 이건 엄마꺼'라고 말한다. '내 거'와'남의 거'를 구분하는 상황을 만들어 소유 개념을 자연스럽게 경험시킨다.","소유 개념을 이해하고 자기 것과 타인의 것을 구분하는 능력을 발달시켜, 또래와의 물건 갈등을 줄이는 사회적 이해의 기반을 형성한다.",사회성 / 감정,"Hay, D. F. (1979). Cooperative interactions between very young children. Child Development, 50(1), 246–252.",,,,,,
30,#칭찬교환 #긍정자아,8,칭찬 주고받기,아이가 뭔가를 잘 해냈을 때 '정말 잘했어! 어떻게 했어?'라고 칭찬하며 과정을 물어본다. 반대로 아이에게 '엄마 잘했어?'라고 물어 칭찬을 연습하게 한다.,칭찬을 주고받는 상호적 사회 경험을 통해 타인을 인정하는 능력과긍정적 자아 개념의 기반을 형성한다.,사회성 / 감정,"Harter, S. (1999). The Construction of the Self. Guilford Press.",,,,,,
30,#동사명사결합 #문장구조,7,동사+명사 문장 만들기,그림책을 보며 '강아지가 뭐 해?'라고 묻는다. 아이가 '달려요'라고만 하면 '강아지가 달려요~라고 해봐'라며 모델링한다. 아이가 두 단어 이상 문장을 말하면 반응한다.,"동사와 명사를 결합한 문장 구조를 발달시키고, 서술어 중심의 초기문법 능력을 강화한다.",언어 / 소통,"Tomasello, M. (2003). Constructing a Language. Harvard University Press.",,,,,,
30,#표현어휘 #자발적명명,7,이게 뭐지? 책 읽기,"그림책을 펼쳐 그림을 가리키며 '이게 뭐지?'라고 묻는다. 아이가 사물 이름을 말하면 '맞아, OO이야!'라고 반응한다. 모르는 것은 먼저 알려주고 따라 하게 한다.","책 속 어휘를 맥락 속에서 학습하고, 질문-응답 대화 구조를 통해 표현 어휘력과 자발적 명명 능력을 발달시킨다.",언어 / 소통,"Zevenbergen, A. A., & Whitehurst, G. J. (2003). Dialogic Reading. In van Kleeck et al. (Eds.), On Reading Books to Children. Erlbaum.",,,,,,
30,#1인칭대명사 #자아개념언어,6,나·내가·우리 사용하기,"아이가 자신을 가리킬 때 '나야~', '내가 했어~'라고 말할 수 있도록 '누가 했어?'라고 묻는다. 아이가 1인칭 단어를 사용하면 '맞아, OO이가/내가 했구나!'라고 반응한다.","1인칭 대명사를 사용하는 능력을 발달시키고, 자기 자신을 타인과구별된 존재로 언어적으로 표현하는 자아 개념의 언어적 형태를 강화한다.",언어 / 소통,"Harter, S. (1999). The Construction of the Self. Guilford Press.",,,,,,
30,#어휘확장 #표현어휘50,7,50개 단어 일상 사용늘리기,"아이가 자주 접하는 물건, 동작, 감정 단어를 하루 중 자연스럽게 5~10개씩 반복 사용한다. 아이가 새 단어를 말할 때마다 '맞아, OO이라고 했어~!'라고 즉시 반응한다.","일상 어휘 노출을 풍부하게 해 50개 이상의 표현 어휘 발달을 지원하고, 새로운 단어 습득 동기를 강화한다.",언어 / 소통,"Fenson, L. et al. (2007). MacArthur-Bates Communicative Development Inventories, 2nd ed. Brookes Publishing.",,,,,,
30,#내러티브기초 #과거경험언어,8,오늘 있었던 일 이야기하기,저녁 식사 중 '오늘 뭐 했어?'라고 묻는다. 아이가 단어나 짧은 문장으로 대답하면 '그랬어? 그다음엔?'이라고 물으며 이야기를 이어가도록 유도한다.,"일과를 회상하고 순서대로 이야기하는 내러티브 능력의 초기 형태를 발달시키고, 과거 경험을 언어로 표현하는 능력을 키운다.",언어 / 소통,"Bruner, J. (1990). Acts of Meaning. Harvard University Press.",,,,,,
30,#비교언어 #관계어사용,7,크다·작다·많다·적다 표현하기,"두 크기의 컵을 보며 '이게 더 커, 이게 더 작아~'라고 말해준다. '어느 게 더 커?'라고 물어 아이가 비교 형용사를 사용하도록 유도한다.","크기·양의 비교 언어를 사용하는 능력을 강화하고, 관계 언어(비교어)의 이해와 표현 능력을 발달시킨다.",언어 / 소통,"Hoff, E. (2006). How social contexts support language development. Developmental Review, 26(1), 55–88.",,,,,,
30,#인과언어 #논리적표현,7,왜'라는 질문에 답하기,아이가 '왜?'라고 물으면 간단하게 답해준다. '왜 우산을 써?'에 '비가 오니까~'라고 답한다. 반대로 '왜 그런 것 같아?'라고 아이에게 물어 이유를 말하도록 유도한다.,"인과 관계를 언어로 표현하는 능력을 발달시키고, '왜'라는 질문을통해 논리적 사고와 언어 능력을 동시에 강화한다.",언어 / 소통,"Hoff, E. (2006). How social contexts support language development. Developmental Review, 26(1), 55–88.",,,,,,
30,#역할대화 #대화유지,6,짧은 역할 대화하기,"전화기 놀이를 하며 '여보세요?', '누구세요?', '잘 지냈어요?'처럼 짧은 역할 대화를 주고받는다. 아이가 답하면 자연스럽게 다음 대화를 이어간다.","대화의 주고받기 구조를 역할 놀이 속에서 연습하고, 사회적 언어사용 능력과 대화 유지 능력을 발달시킨다.",언어 / 소통,"Bruner, J. (1983). Child's Talk: Learning to Use Language. Oxford University Press.",,,,,,
30,#그림서술 #상황언어화,8,그림 보고 문장 만들기,"잡지나 그림책의 한 장면을 보여주며 '여기에서 무슨 일이 일어나고 있어?'라고 묻는다. 아이가 두 단어 이상으로 설명하면 '맞아, OO이 OO하고 있네~'라고 반응한다.","그림을 보고 상황을 언어로 표현하는 서술 능력을 발달시키고, 관찰-언어화 능력과 문장 표현력을 동시에 키운다.",언어 / 소통,"Zevenbergen, A. A., & Whitehurst, G. J. (2003). Dialogic Reading. In van Kleeck et al. (Eds.), On Reading Books to Children. Erlbaum.",,,,,,
30,#반의어개념 #어휘유희,7,반대말 놀이,"크다'의 반대는? '작다~!'라고 말하며 반대말 놀이를 시작한다. '빠르다/느리다', '뜨겁다/차갑다'처럼 아이가 아는 단어부터 시작해 새로운 쌍으로 확장한다.","반의어 개념을 이해하고 사용하는 어휘 능력을 발달시키고, 언어 유희를 통해 어휘 학습 동기를 강화한다.",언어 / 소통,"Fenson, L. et al. (2007). MacArthur-Bates Communicative Development Inventories, 2nd ed. Brookes Publishing.",,,,,,
30,#상징대체놀이 #추상표상,8,물건으로 상징 놀이하기,"블록을 들고 '이건 피자야~'라고 말하며 인형에게 먹이는 시범을 보인다. 아이가 다른 물건을 음식인 척 흉내 내면 '맞아, OO이 밥 먹었네~'라고 반응한다.","실제 사물을 다른 사물로 대체하는 고차원적 상징 놀이 능력을 강화하고, 추상적 표상 능력과 창의적 사고를 발달시킨다.","인지 (학습, 사고, 문제 해결)","Leslie, A. M. (1987). Pretense and representation. Psychological Review, 94(4), 412–426.",,,,,,
30,#도구적문제해결 #실행기능,8,작은 의자로 문제 해결하기,아이가 닿지 않는 선반에 장난감을 올려둔다. '어떻게 하면 가져올 수 있을까?'라고 묻고아이가 스스로 의자나 발판을 가져다 쓰면 '문제 해결했어!'라고 반응한다.,"물리적 장애물을 도구를 이용해 해결하는 문제 해결 능력을 발달시키고, 계획-실행-평가의 초기 실행 기능을 강화한다.","인지 (학습, 사고, 문제 해결)","Gopnik, A., Meltzoff, A., & Kuhl, P. (1999). The Scientist in the Crib. William Morrow.",,,,,,
30,#2단계지시 #작업기억,7,2단계 지시 따르기,장난감 내려놓고 문 닫아줘~'라고 말한다. 아이가 두 가지를 순서대로 수행하면 '두 가지다 했어!'라고 크게 반응한다. 처음엔 쉬운 조합부터 시작한다.,"두 개의 연속 지시를 기억하고 순서대로 수행하는 작업 기억과 실행기능을 강화하고, 복합 언어 지시 이해 능력을 발달시킨다.","인지 (학습, 사고, 문제 해결)",CDC. (2023). Developmental Milestones: 30 Months. cdc.gov/ncbddd/actearly,,,,,,
30,#색깔인식강화 #범주이해,7,색깔 알고 가리키기,"크레파스나 블록을 꺼내 '빨간색 가져다줘~'라고 말한다. 아이가 맞는 색을 고르면 '맞아, 빨간색이야!'라고 반응한다. 파랑·노랑으로 확장한다.","색깔 개념을 언어 지시와 연결해 색 이름을 능동적으로 사용하는 능력을 강화하고, 범주적 인식과 지시 이해를 동시에 발달시킨다.","인지 (학습, 사고, 문제 해결)","Gopnik, A., Meltzoff, A., & Kuhl, P. (1999). The Scientist in the Crib. William Morrow.",,,,,,
30,#범주분류 #논리적사고,8,비슷한 것끼리 묶기,"동물 카드, 음식 카드, 탈것 카드를 섞어 놓고 '같은 것끼리 모아볼까?'라고 유도한다. 아이가 하나씩 분류하면 '동물끼리 모았네~'라고 반응한다.","범주 개념을 이해하고 사물을 기준에 따라 분류하는 논리적 분류 능력을 발달시키고, 개념적 사고와 집중력을 강화한다.","인지 (학습, 사고, 문제 해결)","Piaget, J. (1952). The Origins of Intelligence in Children. International Universities Press.",,,,,,
30,#시각기억 #규칙게임,7,기억력 카드 게임,같은 그림 카드 두 쌍을 엎어두고 한 번에 두 장씩 뒤집어 짝을 찾는다. 짝이 맞으면 '기억했어!'라고 반응한다. 처음엔 2쌍부터 시작해 점차 늘린다.,"시각 기억력과 집중력을 훈련하고, 규칙이 있는 게임을 통해 작업기억과 문제 해결 능력을 즐겁게 발달시킨다.","인지 (학습, 사고, 문제 해결)","Baddeley, A. D. (2000). The episodic buffer. Trends in Cognitive Sciences, 4(11), 417–423.",,,,,,
30,#이야기예측 #인과추론,8,이야기 이어 만들기,그림책을 읽다가 중간에 멈추고 '다음엔 어떻게 됐을까?'라고 묻는다. 아이가 예측하면'그럴 수도 있겠다~'라고 반응하며 실제 결말과 비교한다.,이야기 구조를 이해하고 다음 사건을 예측하는 내러티브 이해 능력과 인과적 추론 능력을 발달시킨다.,"인지 (학습, 사고, 문제 해결)","Bruner, J. (1990). Acts of Meaning. Harvard University Press.",,,,,,
30,#무게비교 #추상속성인식,7,무거운·가벼운 비교,"비슷해 보이지만 무게가 다른 두 물건을 양손에 들게 한다. '어느 게 더 무거워?'라고 묻고아이가 답하면 '맞아, OO이 더 무겁지~'라고 반응한다.","무게라는 추상적 속성을 신체 감각으로 인식하고 비교하는 능력을발달시키고, 관계 개념(무겁다/가볍다)의 이해를 강화한다.","인지 (학습, 사고, 문제 해결)","Piaget, J. (1952). The Origins of Intelligence in Children. International Universities Press.",,,,,,
30,#공간추론 #집중력강화,7,퍼즐 4~5조각 맞추기,4~5조각 퍼즐을 꺼내 '어디에 맞을까?'라고 물으며 시작한다. 아이가 조각을 돌려가며 맞춰보도록 기다리고 완성하면 '다 맞췄어!'라고 반응한다.,"형태 변별과 공간 추론 능력을 강화하고, 시행착오를 통한 집중력있는 문제 해결 경험을 제공한다.","인지 (학습, 사고, 문제 해결)","Bayley, N. (2006). Bayley Scales of Infant and Toddler Development, 3rd ed. Pearson.",,,,,,
30,#수개념기초 #수감각,8,수 개념 1·2·3 이해하기,"블록을 한 개, 두 개, 세 개씩 내밀며 '하나, 둘, 셋~'이라고 센다. '두 개 줘봐~'라고 말해아이가 정확히 두 개를 주면 '맞아, 두 개야!'라고 반응한다.","1~3의 수 개념과 수 언어를 연결하는 초기 수 감각을 발달시키고, 수량 인식과 셈하기 능력의 기반을 형성한다.","인지 (학습, 사고, 문제 해결)","Gelman, R., & Gallistel, C. R. (1978). The Child's Understanding of Number. Harvard University Press.",,,,,,
30,#손목회전 #도구조작,7,문 손잡이 돌리기,문 앞에서 '손잡이를 돌려서 열어봐~'라고 말하며 시범을 보인다. 아이가 손잡이를 잡고돌리면 '돌렸어~!'라고 반응한다. 뚜껑 있는 통으로도 연습한다.,"손목 회전 능력과 양손 협응력을 강화하고, 실생활 도구 조작에 필요한 소근육 정밀 제어 능력을 발달시킨다.",움직임 / 신체 발달,CDC. (2023). Developmental Milestones: 30 Months. cdc.gov/ncbddd/actearly,,,,,,
30,#옷벗기독립 #자아효능감,7,옷 스스로 벗기,헐렁한 바지나 단추 없는 재킷을 입힌 뒤 '스스로 벗어볼까?'라고 말한다. 아이가 스스로벗으면 '혼자 벗었어~!'라고 크게 칭찬한다.,"옷 벗기에 필요한 양손 협응과 소근육 조절 능력을 강화하고, 자기돌봄 독립 능력과 자아 효능감을 발달시킨다.",움직임 / 신체 발달,CDC. (2023). Developmental Milestones: 30 Months. cdc.gov/ncbddd/actearly,,,,,,
30,#양발도약 #동적균형,7,두 발로 제자리 뛰기,폴짝~!'이라고 말하며 부모가 먼저 두 발로 뛰어 시범을 보인다. 아이가 두 발로 동시에땅에서 뛰어오르면 '뛰었어~!'라고 반응한다. 높이를 조금씩 늘린다.,"양발 도약과 착지에 필요한 하지 근력과 동적 균형 감각을 발달시키고, 점프라는 대근육 동작의 협응력을 강화한다.",움직임 / 신체 발달,"Adolph, K. E., & Hoch, J. E. (2019). Motor development. Annual Review of Psychology, 70, 213–240.",,,,,,
30,#손가락정밀 #집게파지,6,책 페이지 한 장씩 넘기기,그림책을 함께 보며 '페이지 넘겨봐~'라고 말한다. 아이가 손가락으로 한 장씩 정확히 넘기면 '한 장만 넘겼어~'라고 반응한다.,"손가락 정밀 조절과 집게 파지 능력을 강화하고, 책을 다루는 소근육 능력을 발달시켜 이후 글자 쓰기의 기반을 형성한다.",움직임 / 신체 발달,"Bayley, N. (2006). Bayley Scales of Infant and Toddler Development, 3rd ed. Pearson.",,,,,,
30,#가위사용기초 #손가락협응,7,가위 선 따라 자르기 준비,안전 가위를 쥐는 법을 보여주고 두꺼운 종이를 잘라보도록 유도한다. 처음엔 직선으로자르기만 해도 '잘랐어~!'라고 반응한다.,"가위 사용에 필요한 손가락 협응력과 소근육 정밀 조절 능력을 발달시키고, 도구 조작 능력과 집중력을 강화한다.",움직임 / 신체 발달,"Bayley, N. (2006). Bayley Scales of Infant and Toddler Development, 3rd ed. Pearson.",,,,,,
30,#공던지기받기 #시각운동협응,7,공 던지고 받기 거리 늘리기,1.5~2m 거리에서 공을 던지고 받는다. 아이가 공을 잡으면 '잡았어~!'라고 반응하고 거리를 조금씩 늘린다.,"던지기·받기의 팔 협응력을 강화하고, 굴러오는 공의 속도와 방향을 예측하는 시각-운동 협응 능력을 발달시킨다.",움직임 / 신체 발달,"Adolph, K. E., & Hoch, J. E. (2019). Motor development. Annual Review of Psychology, 70, 213–240.",,,,,,
30,#자유표현 #소근육쓰기기초,7,그림 그리기 자유 탐색,"큰 종이와 크레파스를 꺼내 '마음대로 그려봐~'라고 한다. 아이가 선, 동그라미, 낙서 등을그리면 '어떤 그림이야?'라고 물어 설명하도록 유도한다.","소근육 조절과 창의적 표현 능력을 동시에 발달시키고, 그림을 통한자기 표현 경험이 이후 쓰기 능력의 기반을 형성한다.",움직임 / 신체 발달,"Bayley, N. (2006). Bayley Scales of Infant and Toddler Development, 3rd ed. Pearson.",,,,,,
30,#복합협응 #공간지각,7,장애물 코스 달리기,"쿠션, 훌라후프 등으로 간단한 코스를 만든다. '출발~!'이라고 말하며 아이가 코스를 달려통과하면 '완주했어~!'라고 반응한다.","달리면서 장애물을 인식하고 회피하는 복합 대근육 협응력을 강화하고, 목표 지향적 신체 움직임과 공간 지각 능력을 발달시킨다.",움직임 / 신체 발달,"Adolph, K. E., & Hoch, J. E. (2019). Motor development. Annual Review of Psychology, 70, 213–240.",,,,,,
30,#정밀소근육 #눈손협응,6,구슬 용기에 넣기,큰 구슬과 넓은 입구의 용기를 준비해 구슬을 하나씩 넣도록 유도한다. 모두 넣으면 '다넣었어~!'라고 반응한다. 입구가 작은 용기로 난이도를 높인다.,"정밀 소근육 조절 능력을 강화하고, 손-눈 협응과 목표 지향적 소근육 운동 능력을 발달시킨다.",움직임 / 신체 발달,"Bayley, N. (2006). Bayley Scales of Infant and Toddler Development, 3rd ed. Pearson.",,,,,,
30,#세발자전거 #대근육협응,7,세발자전거 타기,세발자전거에 태워 발로 밀며 나아가도록 유도한다. 아이가 발로 페달을 돌리거나 밀어앞으로 나아가면 '달려~!'라고 반응한다.,"하지 교대 운동과 핸들 조작을 동시에 수행하는 복합 대근육 협응력을 강화하고, 이동 도구 조작 능력과 균형 감각을 발달시킨다.",움직임 / 신체 발달,"Adolph, K. E., & Hoch, J. E. (2019). Motor development. Annual Review of Psychology, 70, 213–240.",,,,,,
,,,,,,,,,,,,,
36,#분리불안완화 #분리루틴,8,헤어짐 진정 루틴 만들기,어린이집 등원 전 '엄마 저녁에 꼭 데리러 올게~'라고 말하며 특정 작별 인사 루틴(뽀뽀+손 흔들기)을 매일 반복한다. 아이가 10분 안에 진정하면 '잘 견뎠어~'라고 칭찬한다.,"예측 가능한 분리 루틴을 통해 분리 불안을 줄이고, 부모가 돌아온다는 신뢰를 강화해 정서 조절 능력을 발달시킨다.",사회성 / 감정,"Ainsworth, M. D. S. (1978). Patterns of Attachment. Erlbaum.",,,,,,
36,#협력놀이 #또래의식,8,친구와 함께 놀기,또래 아이와 같은 공간에서 블록 쌓기나 역할 놀이를 함께 하도록 유도한다. 아이가 친구의 행동에 반응하거나 함께 목표를 이루면 '같이 놀고 있어~!'라고 반응한다.,"또래를 의식하고 함께 놀이를 공유하는 협력 놀이(cooperative play) 능력을 강화하고, 사회적 놀이 참여 능력을 발달시킨다.",사회성 / 감정,"Parten, M. B. (1932). Social participation among preschool children. Journal of Abnormal and Social Psychology, 27(3), 243–269.",,,,,,
36,#감정원인인식 #정서이해,7,감정 원인 이야기하기,아이가 화나거나 슬플 때 '왜 슬퍼?'라고 묻고 기다린다. 아이가 이유를 말하면 '그래서 슬펐구나~'라고 반응한다. 이유 말하기가 어려우면 '~해서 슬퍼?'라고 선택지를 준다.,"감정의 원인을 인식하고 언어로 표현하는 정서 이해 능력을 강화하고, 감정-원인의 인과적 사고를 발달시킨다.",사회성 / 감정,"Denham, S. A. (1998). Emotional Development in Young Children. Guilford Press.",,,,,,
36,#역할놀이확장 #조망수용,8,역할 놀이 시나리오 확장,"의사-환자 놀이를 시작하며 '이제 내가 의사야, 어디 아파요?'라고 설정한다. 아이가 역할을 이어받아 응답하면 놀이를 계속 확장한다. 역할을 바꿔도 진행한다.","복잡한 사회적 역할을 이해하고 놀이로 표현하는 능력을 강화하고, 타인의 관점을 취하는 조망 수용 능력을 발달시킨다.",사회성 / 감정,"Leslie, A. M. (1987). Pretense and representation. Psychological Review, 94(4), 412–426.",,,,,,
36,#공감능력강화 #친사회적동기,7,도움 필요한 친구 알아채기,인형을 넘어뜨리고 '아야~' 하며 우는 시늉을 낸다. '친구가 어떻게 된 것 같아?'라고 물으며 아이가 상황을 파악하고 도움을 주면 '알아챘어~!'라고 반응한다.,"타인의 고통을 인식하고 공감하는 능력을 강화하고, 친사회적 행동의 동기가 되는 공감 능력을 발달시킨다.",사회성 / 감정,"Zahn-Waxler, C., & Radke-Yarrow, M. (1990). The origins of empathic concern. Motivation and Emotion, 14(2), 107–130.",,,,,,
36,#사과용서 #관계회복,7,미안해' '괜찮아' 주고받기,인형 두 개로 하나가 실수를 하는 시나리오를 만든다. 한 인형이 '미안해~'라고 하면 다른인형이 '괜찮아~'라고 대답하는 시범을 보인다. 아이가 직접 해보도록 유도한다.,"사과와 용서의 사회적 의례를 역할 놀이로 내재화하고, 관계 회복능력과 도덕적 행동의 기초를 형성한다.",사회성 / 감정,"Piaget, J. (1965). The Moral Judgment of the Child. Free Press.",,,,,,
36,#마음이론기초 #공감추론,8,친구 마음 생각해보기,그림책 속 캐릭터의 얼굴을 보며 '이 친구 지금 어떤 기분일까?'라고 묻는다. 아이가 '슬퍼요' 등으로 답하면 '왜 그렇게 생각해?'라고 이유를 묻는다.,"타인의 감정 상태를 추론하는 마음 이론(Theory of Mind)의 초기형태를 발달시키고, 공감적 관점 취하기 능력을 강화한다.",사회성 / 감정,"Premack, D., & Woodruff, G. (1978). Does the chimpanzee have a theory of mind? Behavioral and Brain Sciences, 1(4), 515–526.",,,,,,
36,#규칙인식 #공동체의식,7,집 안 규칙 함께 정하기,우리 집 규칙이 뭐가 있을까?'라고 물으며 '밥 먹을 때는 앉아서~' 등 규칙 한두 가지를함께 정한다. 아이가 지키면 '규칙 지켰어~'라고 반응한다.,"규칙을 함께 만들고 이해하는 경험을 통해 사회적 규범 인식 능력을발달시키고, 자기 조절과 공동체 의식의 기초를 형성한다.",사회성 / 감정,"Piaget, J. (1965). The Moral Judgment of the Child. Free Press.",,,,,,
36,#정서조절전략 #감정언어화,7,화났을 때 표현 방법 연습,아이가 화날 때 '화났어?'라고 묻고 '화나면 말로 해봐~'라고 유도한다. 아이가 '나 화났어'라고 말하면 '말해줘서 고마워~'라고 반응한다. 때리거나 물건 던지는 것을 말로 대체한다.,"부정 감정을 신체적 행동 대신 언어로 표현하는 정서 조절 전략을학습하고, 건강한 감정 표현 방식의 레퍼토리를 형성한다.",사회성 / 감정,"Denham, S. A. (1998). Emotional Development in Young Children. Guilford Press.",,,,,,
36,#자기성취인식 #자존감기초,8,자랑스러운 일 말하기,저녁에 '오늘 가장 잘한 게 뭐야?'라고 묻는다. 아이가 자신의 성취를 말하면 '정말 잘했네~!'라고 반응한다. 부모도 자신의 자랑스러운 일을 말해준다.,"자기 성취를 인식하고 긍정적으로 표현하는 능력을 강화하고, 긍정적 자아 개념과 자존감의 기반을 형성한다.",사회성 / 감정,"Harter, S. (1999). The Construction of the Self. Guilford Press.",,,,,,
36,#대화유지 #턴테이킹,8,3번 주고받는 대화하기,식사 중 '오늘 어린이집에서 뭐 했어?'로 대화를 시작한다. 아이의 대답에 '그랬어? 재밌었어?'라고 이어가며 최소 3번 주고받는 대화를 유지한다.,"대화를 주도적으로 이어가는 대화 유지 능력을 강화하고, 화제 유지와 턴 테이킹의 대화 규칙을 내재화한다.",언어 / 소통,"Bruner, J. (1983). Child's Talk: Learning to Use Language. Oxford University Press.",,,,,,
36,#의문사사용 #정보유형이해,7,누가·무엇을·어디서 질문하기,"그림책을 보며 '누가 이걸 했어?', '이게 뭐야?', '어디서 일어났어?'라고 질문한다. 아이가대답하면 반응하고, 아이도 비슷한 질문을 하도록 유도한다.","의문사(누가·무엇·어디서)를 사용한 질문과 응답 능력을 발달시키고, 의문사에 따른 다른 정보 유형을 이해하는 능력을 강화한다.",언어 / 소통,"Hoff, E. (2006). How social contexts support language development. Developmental Review, 26(1), 55–88.",,,,,,
36,#행동묘사 #동사서술,7,그림 속 행동 묘사하기,"그림책에서 '이 사람이 뭐 하고 있어?'라고 묻는다. 아이가 '뛰어요', '먹어요' 등 동사로 답하면 '맞아, OO하고 있네~'라고 반응한다.","현재 진행 중인 행동을 언어로 표현하는 동사 중심 서술 능력을 강화하고, 그림 속 상황을 언어로 표현하는 서술 능력을 발달시킨다.",언어 / 소통,"Zevenbergen, A. A., & Whitehurst, G. J. (2003). Dialogic Reading. In van Kleeck et al. (Eds.), On Reading Books to Children. Erlbaum.",,,,,,
36,#자기소개 #이름완전표현,7,내 이름 말하기,"이름이 뭐야?'라고 묻는다. 아이가 성과 이름을 모두 말하면 '맞아, OO이야~!'라고 반응한다. '다른 사람한테도 말해봐~'라며 손님이나 친척 앞에서도 연습하게 한다.","자신의 이름을 완전하게 말하는 능력을 강화하고, 사회적 자기 소개능력의 기초를 형성한다.",언어 / 소통,CDC. (2023). Developmental Milestones: 36 Months. cdc.gov/ncbddd/actearly,,,,,,
36,#이야기재현 #내러티브능력,8,이야기 다시 말하기,"짧은 그림책을 읽어준 뒤 '이야기 다시 해봐~'라고 한다. 아이가 주요 사건을 말하면 '맞아, 그다음엔?'이라고 물으며 이야기 전체를 재현하도록 유도한다.","이야기를 기억하고 순서대로 재현하는 내러티브 능력을 발달시키고, 이야기 구조에 대한 이해와 언어적 표현력을 강화한다.",언어 / 소통,"Bruner, J. (1990). Acts of Meaning. Harvard University Press.",,,,,,
36,#왜질문 #인과추론언어,7,왜 질문 주고받기,"왜 밥을 먹어야 해?'라고 묻는다. 아이가 이유를 말하면 '맞아~, 그래서 밥 먹는 거야~'라고 반응한다. 아이도 '왜?'라고 물으면 간단하게 설명해준다.",인과 관계를 묻고 답하는 '왜' 질문을 통해 인과적 추론 능력과 논리적 언어 표현 능력을 동시에 발달시킨다.,언어 / 소통,"Hoff, E. (2006). How social contexts support language development. Developmental Review, 26(1), 55–88.",,,,,,
36,#시제이해 #시간언어,8,과거·현재·미래 시제 연습,"아침에 '어제 뭐 먹었어?', 저녁에 '내일 뭐 하고 싶어?'라고 묻는다. 아이가 과거·미래를표현하면 '맞아, 어제 OO 먹었지~'라고 시제를 반영해 반응한다.","과거·현재·미래 시제를 구분하는 언어 능력을 발달시키고, 시간 개념과 언어 표현의 연결을 강화한다.",언어 / 소통,"Hoff, E. (2006). How social contexts support language development. Developmental Review, 26(1), 55–88.",,,,,,
36,#색깔어휘완성 #표현어휘,7,색깔 이름 다 말하기,크레파스 통에서 하나씩 꺼내며 '이건 무슨 색이야?'라고 묻는다. 아이가 색 이름을 말하면 '맞아~'라고 반응한다. 모르는 색은 알려주고 따라 하게 한다.,"기본 색깔 어휘를 모두 습득하도록 강화하고, 색깔 이름을 자발적으로 사용하는 표현 어휘력을 발달시킨다.",언어 / 소통,"Gopnik, A., Meltzoff, A., & Kuhl, P. (1999). The Scientist in the Crib. William Morrow.",,,,,,
36,#언어설명 #명사구사용,7,짧은 문장으로 설명하기,아이가 가리키며 '저거~'라고 하면 바로 주지 않고 '어떤 건지 말해봐~'라고 유도한다. 아이가 '빨간 공이요'처럼 설명하면 즉시 건네주며 '잘 설명했어~'라고 반응한다.,"단순 가리키기에서 언어 설명으로 의사소통 방식을 발전시키고, 속성(색·크기·모양)을 포함한 명사구 사용 능력을 강화한다.",언어 / 소통,"Tomasello, M. (2003). Constructing a Language. Harvard University Press.",,,,,,
36,#음운기억 #언어패턴내재화,8,동요 외워 부르기,짧은 동요를 매일 함께 부른다. 일주일 뒤 '혼자 불러봐~'라고 유도한다. 아이가 전부 또는일부를 기억해 부르면 '다 외웠어~!'라고 반응한다.,"음운 기억과 언어 기억 능력을 강화하고, 반복적인 언어 패턴 학습을 통해 어휘와 문장 구조의 내재화를 촉진한다.",언어 / 소통,"Hallam, S. (2010). The power of music. International Journal of Music Education, 28(3), 269–289.",,,,,,
36,#도형그리기 #소근육쓰기기초,8,동그라미 따라 그리기,큰 동그라미를 종이에 그려 보여주며 '따라 그려봐~'라고 한다. 아이가 둥근 형태를 그리면 '동그라미 그렸어~!'라고 반응한다. 점점 작은 동그라미로 연습한다.,"도형 모방 그리기 능력을 발달시키고, 손목 회전과 소근육 조절 능력을 강화해 이후 글자 쓰기의 기반을 형성한다.","인지 (학습, 사고, 문제 해결)",CDC. (2023). Developmental Milestones: 36 Months. cdc.gov/ncbddd/actearly,,,,,,
36,#안전인지 #규칙이유이해,7,위험한 것 알기,가스레인지·전기 콘센트 등을 보여주며 '이건 뜨거워서/위험해서 만지면 안 돼~'라고 말한다. '왜 안 되지?'라고 물어 아이가 이유를 말하면 '맞아~'라고 반응한다.,"위험 물체를 인식하고 피하는 안전 인지 능력을 발달시키고, 규칙의이유를 이해하는 논리적 사고를 강화한다.","인지 (학습, 사고, 문제 해결)",CDC. (2023). Developmental Milestones: 36 Months. cdc.gov/ncbddd/actearly,,,,,,
36,#수세기 #기수개념,8,1~5 수 세기,"블록을 하나씩 꺼내며 '하나, 둘, 셋, 넷, 다섯~'을 함께 센다. '몇 개야?'라고 물어 아이가마지막 수를 말하면 '맞아, 다섯 개야!'라고 반응한다.","1~5의 수 세기와 기수 개념(마지막 수 = 전체 수량)을 발달시키고, 수 언어와 수량의 대응 관계를 형성한다.","인지 (학습, 사고, 문제 해결)","Gelman, R., & Gallistel, C. R. (1978). The Child's Understanding of Number. Harvard University Press.",,,,,,
36,#다기준분류 #인지유연성,7,크기·모양·색 기준 분류,"블록을 꺼내 '색깔별로 모아봐~'라고 한 뒤, 다음엔 '모양별로 모아봐~'라고 다른 기준을준다. 아이가 기준을 바꿔 분류하면 '기준을 바꿨네~!'라고 반응한다.",하나의 사물을 여러 기준으로 분류하는 인지 유연성과 다차원 사고능력을 발달시킨다.,"인지 (학습, 사고, 문제 해결)","Piaget, J. (1952). The Origins of Intelligence in Children. International Universities Press.",,,,,,
36,#시간적순서 #서사구조,8,이야기 순서 카드 맞추기,3~4장의 이야기 순서 카드(아침에 일어나기→밥 먹기→놀기)를 섞어 놓고 '순서대로 놓아봐~'라고 유도한다. 완성하면 이야기로 말해보도록 한다.,사건의 시간적 순서를 이해하고 배열하는 시간적 순서 개념과 서사구조 이해 능력을 발달시킨다.,"인지 (학습, 사고, 문제 해결)","Bruner, J. (1990). Acts of Meaning. Harvard University Press.",,,,,,
36,#비교사고 #공통점차이점,7,같다·다르다 비교하기,"두 그림을 나란히 놓고 '같은 게 뭐야?', '다른 게 뭐야?'라고 묻는다. 아이가 공통점이나차이점을 말하면 '맞아, OO이 같네/다르네~'라고 반응한다.","두 대상의 공통점과 차이점을 인식하고 표현하는 비교 사고 능력을발달시키고, 분석적 관찰력의 기반을 형성한다.","인지 (학습, 사고, 문제 해결)","Piaget, J. (1952). The Origins of Intelligence in Children. International Universities Press.",,,,,,
36,#공간추론강화 #집중문제해결,8,5조각 이상 퍼즐 맞추기,5~6조각 퍼즐을 꺼내 '어디에 맞을까?'라고 유도한다. 아이가 조각을 돌리고 비교하며 맞추면 기다려준다. 완성하면 '다 맞췄어~!'라고 크게 반응한다.,"공간 추론과 형태 변별 능력을 강화하고, 복잡한 문제를 인내를 갖고 해결하는 집중력과 문제 해결 전략을 발달시킨다.","인지 (학습, 사고, 문제 해결)","Bayley, N. (2006). Bayley Scales of Infant and Toddler Development, 3rd ed. Pearson.",,,,,,
36,#인과추론 #논리적사고언어,7,원인·결과 이야기하기,"그림책에서 사건이 일어난 장면을 보며 '왜 이렇게 됐을까?'라고 묻는다. 아이가 원인을말하면 '맞아, OO해서 이렇게 됐구나~'라고 반응한다.","이야기 속 인과 관계를 이해하고 언어로 표현하는 인과적 추론 능력을 강화하고, 논리적 사고와 언어 능력을 통합 발달시킨다.","인지 (학습, 사고, 문제 해결)","Bruner, J. (1990). Acts of Meaning. Harvard University Press.",,,,,,
36,#속도개념 #추상언어체험,7,빠르다·느리다 비교 체험,"빠르게 뛰었다가 천천히 걷는 것을 번갈아 해보며 '빨라~', '느려~'라고 말한다. 아이가 '빠르게 해봐~' 지시에 따르면 '빠르게 했어~!'라고 반응한다.","속도라는 추상적 개념을 신체 경험으로 이해하고 관련 어휘를 사용하는 능력을 발달시키며, 지시 이해와 언어-운동 연결을 강화한다.","인지 (학습, 사고, 문제 해결)","Piaget, J. (1952). The Origins of Intelligence in Children. International Universities Press.",,,,,,
36,#실행기능 #계획실행평가,8,계획하고 실행하기,블록으로 집을 만들기 전에 '어떻게 만들 거야?'라고 묻는다. 아이가 계획을 말하면 '좋은생각이야~'라고 반응하고 실행 후 '계획대로 됐어?'라고 평가해본다.,"행동 전 계획을 수립하고 실행하는 초기 실행 기능(executive function)을 발달시키고, 계획-실행-평가의 사이클을 경험시킨다.","인지 (학습, 사고, 문제 해결)","Baddeley, A. D. (2000). The episodic buffer. Trends in Cognitive Sciences, 4(11), 417–423.",,,,,,
36,#정밀소근육 #눈손협응강화,7,구슬·마카로니 꿰기,굵은 실에 큰 구슬이나 마카로니를 꿰도록 유도한다. 처음엔 실 끝을 뻣뻣하게 만들어준다. 3개 이상 꿰면 '꿰었어~!'라고 반응한다.,"손가락 정밀 조절과 눈-손 협응 능력을 고차원으로 강화하고, 집중력과 인내심을 실생활 소근육 과제로 발달시킨다.",움직임 / 신체 발달,CDC. (2023). Developmental Milestones: 36 Months. cdc.gov/ncbddd/actearly,,,,,,
36,#옷입기독립 #자기돌봄강화,7,옷 스스로 입기,헐렁한 재킷이나 바지를 아이 앞에 놓고 '스스로 입어봐~'라고 말한다. 아이가 혼자 입으면 '혼자 입었어~!'라고 크게 칭찬한다. 어려운 부분만 도와준다.,"옷 입기에 필요한 양손 협응, 순서 계획, 소근육 조절 능력을 통합적으로 발달시키고, 자기 돌봄 독립과 자아 효능감을 강화한다.",움직임 / 신체 발달,CDC. (2023). Developmental Milestones: 36 Months. cdc.gov/ncbddd/actearly,,,,,,
36,#포크사용 #식사도구독립,8,포크로 음식 찍어 먹기,포크를 건네며 '찍어서 먹어봐~'라고 말한다. 아이가 포크로 음식을 찍어 입으로 가져가면'포크로 먹었어~!'라고 반응한다. 처음엔 찍기 쉬운 큰 음식부터 시작한다.,"포크 파지와 찌르기 동작에 필요한 손목 조절과 소근육 협응 능력을강화하고, 도구를 이용한 식사 독립 능력을 발달시킨다.",움직임 / 신체 발달,CDC. (2023). Developmental Milestones: 36 Months. cdc.gov/ncbddd/actearly,,,,,,
36,#도형그리기 #직선조절,7,세모·네모 따라 그리기,삼각형과 사각형을 그려 보여주며 '따라 그려봐~'라고 한다. 아이가 비슷한 형태를 그리면'세모/네모 그렸어~!'라고 반응한다.,"직선을 연결해 도형을 그리는 소근육 조절 능력을 강화하고, 도형개념의 이해와 표현 능력을 동시에 발달시킨다.",움직임 / 신체 발달,"Bayley, N. (2006). Bayley Scales of Infant and Toddler Development, 3rd ed. Pearson.",,,,,,
36,#교대보행 #계단독립,7,한 발씩 계단 오르내리기,계단 앞에서 '한 발씩 번갈아 올라가봐~'라고 말한다. 아이가 교대 보행으로 계단을 오르면 '번갈아 올라갔어~!'라고 반응한다. 내려올 때도 같이 연습한다.,"교대 보행 계단 오르내리기에 필요한 하지 협응력과 균형 감각을 강화하고, 독립적 계단 사용 능력을 발달시킨다.",움직임 / 신체 발달,"Adolph, K. E., & Hoch, J. E. (2019). Motor development. Annual Review of Psychology, 70, 213–240.",,,,,,
36,#목표던지기 #운동계획,7,공 목표에 던지기,바구니나 훌라후프를 1~2m 앞에 두고 '저기에 공 넣어봐~'라고 말한다. 아이가 목표에공을 던지면 '들어갔어~!'라고 반응한다. 거리를 조금씩 늘린다.,"던지기 방향과 힘을 조절하는 운동 계획 능력을 발달시키고, 목표지향적 대근육 운동 능력과 공간 지각력을 강화한다.",움직임 / 신체 발달,"Adolph, K. E., & Hoch, J. E. (2019). Motor development. Annual Review of Psychology, 70, 213–240.",,,,,,
36,#가위직선자르기 #눈손협응,7,가위로 직선 자르기,안전 가위로 직선을 따라 종이를 자르도록 유도한다. 아이가 선을 따라 자르면 '선대로 잘랐어~!'라고 반응한다.,"가위 조작에 필요한 손가락 협응력과 선 추적 능력을 강화하고, 소근육 정밀 제어와 눈-손 협응 능력을 발달시킨다.",움직임 / 신체 발달,"Bayley, N. (2006). Bayley Scales of Infant and Toddler Development, 3rd ed. Pearson.",,,,,,
36,#달리기방향전환 #민첩성,7,달리기 방향 바꾸기 게임,"이쪽으로~', '저쪽으로~'라고 말하며 방향을 지시한다. 아이가 달리다가 방향을 바꾸면'방향 바꿨어~!'라고 반응한다. 속도를 높이거나 신호를 빠르게 바꾼다.","달리기 중 방향 전환에 필요한 동적 균형과 민첩성을 강화하고, 언어 지시에 따른 운동 계획 능력을 발달시킨다.",움직임 / 신체 발달,"Adolph, K. E., & Hoch, J. E. (2019). Motor development. Annual Review of Psychology, 70, 213–240.",,,,,,
36,#균형보행 #고유감각,7,균형 잡고 걷기,바닥에 테이프로 직선을 붙이고 '선 위로 걸어봐~'라고 말한다. 아이가 팔을 벌리고 선 위를 걸으면 '균형 잡았어~!'라고 반응한다. 뒤로 걷기도 시도한다.,"정적·동적 균형 감각과 신체 위치 인식(고유감각)을 강화하고, 목표지향적 보행 조절 능력을 발달시킨다.",움직임 / 신체 발달,"Adolph, K. E., & Hoch, J. E. (2019). Motor development. Annual Review of Psychology, 70, 213–240.",,,,,,
36,#손목회전강화 #소근육조작,7,뚜껑 열고 내용물 꺼내기,나사 뚜껑이 달린 통을 건네며 '열어봐~'라고 말한다. 아이가 돌려서 열고 내용물을 꺼내면 '혼자 열었어~!'라고 반응한다. 다시 닫는 것도 연습한다.,"손목 회전과 양손 협응 능력을 강화하고, 실생활 도구 조작에 필요한 소근육 정밀 제어 능력을 발달시킨다.",움직임 / 신체 발달,"Bayley, N. (2006). Bayley Scales of Infant and Toddler Development, 3rd ed. Pearson.",,,,,,
,,,,,,,,,,,,,
48,#역할몰입 #조망수용심화,9,역할 놀이 캐릭터 몰입,오늘은 선생님 놀이 해볼까?'라고 제안하며 아이가 선생님 역할을 맡도록 유도한다. 아이가 캐릭터에 맞게 말투와 행동을 바꾸면 '선생님 같아~!'라고 반응한다.,"타인의 역할과 관점을 깊이 있게 표현하는 능력을 발달시키고, 조망수용과 사회적 역할에 대한 이해를 심화시킨다.",사회성 / 감정,"Leslie, A. M. (1987). Pretense and representation. Psychological Review, 94(4), 412–426.",,,,,,
48,#또래요청 #사회적시작,8,친구에게 놀이 요청하기,또래 친구가 있을 때 '같이 놀아도 돼?'라고 말하는 시범을 보인다. 아이가 스스로 친구에게 물어보면 '잘 말했어~!'라고 반응한다.,"또래에게 사회적 참여를 요청하는 능력을 강화하고, 사회적 상황에서 언어를 통해 관계를 시작하는 능력을 발달시킨다.",사회성 / 감정,"Parten, M. B. (1932). Social participation among preschool children. Journal of Abnormal and Social Psychology, 27(3), 243–269.",,,,,,
48,#위로능력 #친사회적강화,8,슬픈 친구 위로하기,"인형이 울고 있는 시늉을 한다. '친구가 슬퍼 보여, 어떻게 해줄 수 있을까?'라고 묻고 아이가 안아주거나 말을 건네면 '정말 친절했어~!'라고 반응한다.","타인의 슬픔을 인식하고 위로 행동을 취하는 공감 능력과 친사회적행동 능력을 강화하고, 정서적 지지 기술을 발달시킨다.",사회성 / 감정,"Zahn-Waxler, C., & Radke-Yarrow, M. (1990). The origins of empathic concern. Motivation and Emotion, 14(2), 107–130.",,,,,,
48,#위험인지 #도덕추론기초,8,위험한 행동 말로 표현하기,"높은 곳에서 뛰어내리려 할 때 '왜 위험한 것 같아?'라고 묻는다. 아이가 이유를 말하면'맞아, 그래서 하면 안 돼~'라고 반응하며 안전 규칙의 이유를 이해시킨다.","위험 행동의 결과를 추론하고 스스로 판단하는 안전 인지 능력을 강화하고, 규칙의 이유를 이해하는 도덕적 추론 능력을 발달시킨다.",사회성 / 감정,"Piaget, J. (1965). The Moral Judgment of the Child. Free Press.",,,,,,
48,#도움가치 #책임감발달,8,도우미 역할 맡기,"오늘 엄마 도우미 해줄 수 있어?'라고 부탁한다. 아이가 작은 집안일(냅킨 놓기, 빨래 넣기)을 수행하면 '도우미가 정말 잘했어~!'라고 반응한다.",도움을 주는 행동에 가치를 부여하고 사회적 기여 경험을 통해 책임감과 자아 효능감을 발달시킨다.,사회성 / 감정,"Tomasello, M. (2009). Why We Cooperate. MIT Press.",,,,,,
48,#상황적행동조절 #사회규범이해,8,장소에 맞게 행동 조절하기,도서관이나 예배 장소에 가기 전 '여기서는 어떻게 해야 할까?'라고 묻는다. 아이가 '조용히 해야 해요'라고 말하면 '맞아~'라고 반응하며 실제로 지키도록 유도한다.,"맥락에 따라 행동을 조절하는 상황 인식 능력과 자기 조절 능력을발달시키고, 사회적 규범의 상황 의존성을 이해하게 한다.",사회성 / 감정,"Mischel, W. (2014). The Marshmallow Test. Little, Brown and Company.",,,,,,
48,#갈등해결 #타협능력,8,친구와 의견 다를 때 해결하기,아이와 인형 중 어떤 놀이를 할지 의견이 다를 때 '우리 둘 다 원하는 걸 어떻게 할 수 있을까?'라고 묻는다. 절충안이 나오면 '훌륭한 생각이야~!'라고 반응한다.,"갈등 상황에서 협상과 타협을 통해 해결책을 찾는 사회적 문제 해결능력을 발달시키고, 민주적 의사결정의 초기 경험을 형성한다.",사회성 / 감정,"Piaget, J. (1965). The Moral Judgment of the Child. Free Press.",,,,,,
48,#감사표현 #긍정정서기반,8,감사한 일 말하기,저녁에 '오늘 고마운 일이 뭐가 있었어?'라고 묻는다. 아이가 감사한 일을 말하면 '좋은 일이 있었구나~'라고 반응하며 부모도 감사한 일을 이야기한다.,"일상에서 긍정적인 경험을 인식하고 감사를 표현하는 능력을 발달시키고, 긍정적 정서와 낙관적 사고의 기반을 형성한다.",사회성 / 감정,"Harter, S. (1999). The Construction of the Self. Guilford Press.",,,,,,
48,#마음이론발달 #다른관점이해,9,마음 이론 놀이,"인형 A가 공을 상자에 숨기고 나간 뒤, 인형 B가 공을 다른 곳으로 옮기는 시나리오를 만든다. '인형 A는 공이 어디 있다고 생각할까?'라고 묻는다.","타인이 자신과 다른 믿음을 가질 수 있다는 마음 이론(Theory of Mind)을 발달시키고, 다른 사람의 관점에서 생각하는 능력을 강화한다.",사회성 / 감정,"Premack, D., & Woodruff, G. (1978). Does the chimpanzee have a theory of mind? Behavioral and Brain Sciences, 1(4), 515–526.",,,,,,
48,#강점인식 #자아개념강화,8,자랑스러운 나 소개하기,"네가 제일 잘하는 게 뭐야?'라고 묻는다. 아이가 자신의 강점을 말하면 '맞아, OO이 그걸정말 잘하지~'라고 확인해준다.","자신의 강점을 인식하고 긍정적으로 표현하는 자아 개념을 강화하고, 건강한 자존감과 자기 효능감의 기반을 형성한다.",사회성 / 감정,"Harter, S. (1999). The Construction of the Self. Guilford Press.",,,,,,
48,#4단어문장 #문장복잡성,8,4단어 이상 문장 말하기,아이가 짧게 말할 때 '조금 더 길게 말해봐~'라고 유도한다. 아이가 '나 오늘 공원에서 뛰었어요'처럼 4단어 이상 문장을 만들면 '긴 문장으로 말했어~!'라고 반응한다.,"문장의 길이와 복잡성을 늘리는 언어 발달을 지원하고, 다양한 문장성분(주어·서술어·목적어·부사)을 포함한 표현 능력을 강화한다.",언어 / 소통,"Tomasello, M. (2003). Constructing a Language. Harvard University Press.",,,,,,
48,#음운기억강화 #언어유창성,8,동요 외워 부르기 심화,아이가 좋아하는 동요를 함께 부른 뒤 '혼자 처음부터 끝까지 불러봐~'라고 유도한다. 아이가 대부분을 외워 부르면 '다 외웠어~!'라고 크게 반응한다.,"음운 기억과 언어 기억 능력을 강화하고, 언어 패턴의 완전한 내재화를 통해 언어 유창성을 발달시킨다.",언어 / 소통,"Hallam, S. (2010). The power of music. International Journal of Music Education, 28(3), 269–289.",,,,,,
48,#일과내러티브 #경험회상,8,하루 일과 이야기하기,저녁에 '오늘 뭐 했어?'라고 묻는다. 아이가 순서대로 일과를 말하면 '오늘 있었던 일을 잘말했어~'라고 반응한다. '그다음엔?'으로 이야기를 이어가도록 유도한다.,"하루 경험을 시간 순서대로 회상하고 이야기하는 내러티브 능력을발달시키고, 과거 경험을 언어로 정리하는 능력을 강화한다.",언어 / 소통,"Bruner, J. (1990). Acts of Meaning. Harvard University Press.",,,,,,
48,#기능설명 #인과문장,8,간단한 이유 설명하기,"코트는 왜 필요해?'라고 묻는다. 아이가 '추우니까요'처럼 이유를 말하면 '맞아, 그래서 코트 입는 거야~'라고 반응한다. 다양한 상황으로 확장한다.","사물의 기능과 목적을 언어로 설명하는 능력을 강화하고, 인과 관계를 포함한 복잡한 문장 구조를 사용하는 표현 언어 능력을 발달시킨다.",언어 / 소통,"Hoff, E. (2006). How social contexts support language development. Developmental Review, 26(1), 55–88.",,,,,,
48,#반의어활용 #추상언어사고,8,반대 개념 활용하기,"높다'의 반대는?'낮다~', '많다'의 반대는?'적다~'를 주고받는다. 아이가 즉시 반대말을 말하면 '맞아~!'라고 반응한다. 새로운 쌍으로 확장한다.","반의어 쌍을 다양하게 사용하는 어휘 능력을 강화하고, 언어의 대립관계를 이해하는 추상적 언어 사고를 발달시킨다.",언어 / 소통,"Fenson, L. et al. (2007). MacArthur-Bates Communicative Development Inventories, 2nd ed. Brookes Publishing.",,,,,,
48,#대화확장 #화제유지,9,5번 이상 대화 이어가기,"좋아하는 주제(공룡, 공주 등)로 대화를 시작하며 5번 이상 주고받는다. '그래서?', '왜?', '어떻게?'로 대화를 이어간다.","대화를 주도적으로 유지하고 확장하는 능력을 강화하고, 화제 유지와 대화 참여의 사회적 기술을 발달시킨다.",언어 / 소통,"Bruner, J. (1983). Child's Talk: Learning to Use Language. Oxford University Press.",,,,,,
48,#접속사사용 #복잡문장구조,8,접속사 사용하기,"아이가 짧은 문장으로 말할 때 '그래서', '왜냐하면', '그리고'를 넣어 연결하는 시범을 보인다. 아이가 접속사를 사용하면 '문장을 연결했어~!'라고 반응한다.","접속사를 사용해 문장을 연결하는 능력을 발달시키고, 복잡한 문장구조와 담화 구성 능력을 강화한다.",언어 / 소통,"Tomasello, M. (2003). Constructing a Language. Harvard University Press.",,,,,,
48,#청해능력 #이야기이해,8,책 읽어준 뒤 질문 답하기,"짧은 그림책을 읽어준 뒤 '이 이야기에서 누가 나왔어?', '어디서 일어났어?'라고 묻는다. 아이가 내용을 기억해 답하면 '잘 들었어~!'라고 반응한다.","이야기를 듣고 핵심 내용을 기억하는 청해 능력과 이야기 이해 능력을 강화하고, 질문에 적절히 답하는 언어 표현력을 발달시킨다.",언어 / 소통,"Zevenbergen, A. A., & Whitehurst, G. J. (2003). Dialogic Reading. In van Kleeck et al. (Eds.), On Reading Books to Children. Erlbaum.",,,,,,
48,#미래시제 #계획언어화,8,미래 계획 말하기,내일 뭐 하고 싶어?'라고 묻는다. 아이가 미래 계획을 말하면 '좋은 계획이야~'라고 반응하며 '왜 그걸 하고 싶어?'라고 이유도 물어본다.,"미래 시제를 사용하는 언어 능력을 강화하고, 계획과 이유를 언어로표현하는 복잡한 언어 사용 능력을 발달시킨다.",언어 / 소통,"Hoff, E. (2006). How social contexts support language development. Developmental Review, 26(1), 55–88.",,,,,,
48,#감정이유문장 #복합표현,8,감정을 이유와 함께 말하기,"아이가 기뻐하거나 슬퍼할 때 '왜 기뻐?', '왜 슬퍼?'라고 묻는다. 아이가 '~해서 기뻐요'처럼 이유 포함 문장을 말하면 '이유를 말해줬어~!'라고 반응한다.","감정과 그 원인을 포함한 복합 문장을 사용하는 능력을 발달시키고, 정서 표현과 언어 복잡성을 동시에 강화한다.",언어 / 소통,"Denham, S. A. (1998). Emotional Development in Young Children. Guilford Press.",,,,,,
48,#색깔어휘확장 #범주지각,8,여러 색깔 이름 말하기,크레파스를 꺼내며 '이건 무슨 색이야?'라고 묻는다. 기본 8색 이상을 맞히면 '다 알고 있어~!'라고 반응한다. 주황·보라·분홍 등 혼합색도 도전한다.,"색깔 어휘를 기본색 이상으로 확장하고, 색 이름을 자발적으로 사용하는 표현 어휘력과 범주적 지각 능력을 강화한다.","인지 (학습, 사고, 문제 해결)","Gopnik, A., Meltzoff, A., & Kuhl, P. (1999). The Scientist in the Crib. William Morrow.",,,,,,
48,#이야기예측강화 #내러티브추론,9,이야기 다음 예측하기,그림책을 읽다가 중간에 멈추고 '다음에 어떻게 될 것 같아?'라고 묻는다. 아이의 예측을듣고 '그렇게 생각했구나~'라고 반응한다. 실제 결말과 비교한다.,이야기 구조를 이해하고 다음 사건을 예측하는 내러티브 추론 능력과 인과적 사고를 강화한다.,"인지 (학습, 사고, 문제 해결)","Bruner, J. (1990). Acts of Meaning. Harvard University Press.",,,,,,
48,#인물그리기 #부분전체이해,9,신체 부위 3개 이상 그리기,사람 그려봐~'라고 한다. 아이가 머리·몸통·팔·다리 등 3개 이상 부위가 있는 사람을 그리면 '몸이 여러 부분이 있네~!'라고 반응한다.,"인체의 부분-전체 관계를 이해하고 그림으로 표현하는 능력을 강화하고, 소근육 조절과 공간 배치 능력을 발달시킨다.","인지 (학습, 사고, 문제 해결)",CDC. (2023). Developmental Milestones: 48 Months. cdc.gov/ncbddd/actearly,,,,,,
48,#1~10수세기 #기수원칙,8,1~10 수 세기,"블록 10개를 하나씩 세며 '하나~열~'까지 함께 센다. '몇 개야?'라고 물어 아이가 마지막수를 말하면 '맞아, 열 개야~!'라고 반응한다.","1~10의 수 세기와 기수 개념을 완성하고, 수 세기의 원칙(일대일대응, 안정적 순서, 기수 원칙)을 강화한다.","인지 (학습, 사고, 문제 해결)","Gelman, R., & Gallistel, C. R. (1978). The Child's Understanding of Number. Harvard University Press.",,,,,,
48,#패턴인식 #수학적규칙성,8,패턴 만들기와 이어가기,빨강-파랑-빨강-파랑 패턴으로 블록을 놓으며 '다음엔 뭐가 올까?'라고 묻는다. 아이가 패턴을 이어가면 '패턴을 이해했어~!'라고 반응한다.,"반복 패턴을 인식하고 이어가는 패턴 추론 능력을 발달시키고, 수학적 사고의 기초가 되는 규칙성 인식 능력을 강화한다.","인지 (학습, 사고, 문제 해결)","Gelman, R., & Gallistel, C. R. (1978). The Child's Understanding of Number. Harvard University Press.",,,,,,
48,#시간개념 #시제이해,8,어제·오늘·내일 이해하기,"아침에 '오늘이 무슨 요일이야?', '어제는?', '내일은?'이라고 묻는다. 아이가 시간 표현을사용하면 '시간을 알고 있어~!'라고 반응한다.","시간 개념(어제·오늘·내일)을 이해하고 언어로 표현하는 능력을 발달시키고, 시간적 자아 개념의 기초를 형성한다.","인지 (학습, 사고, 문제 해결)","Piaget, J. (1969). The Child's Conception of Time. Basic Books.",,,,,,
48,#수량비교 #수량보존기초,9,같다·많다·적다 수량 비교,접시에 과자를 다르게 담아 '어느 쪽이 더 많아?'라고 묻는다. 아이가 맞게 고르면 '더 많은 걸 찾았어~!'라고 반응한다. '똑같이 만들어봐~'라고도 도전한다.,"수량 비교 개념(많다·적다·같다)을 이해하고 사용하는 능력을 발달시키고, 수량의 보존 개념 발달을 지원한다.","인지 (학습, 사고, 문제 해결)","Piaget, J. (1952). The Origins of Intelligence in Children. International Universities Press.",,,,,,
48,#작업기억강화 #전략적기억,8,기억력 강화 게임,5~6쌍의 그림 카드로 짝 찾기 게임을 한다. 아이가 뒤집었다 덮은 카드 위치를 기억해 짝을 찾으면 '기억했어~!'라고 반응한다.,"시각 작업 기억력과 집중력을 강화하고, 전략적으로 기억을 활용하는 인지 능력을 발달시킨다.","인지 (학습, 사고, 문제 해결)","Baddeley, A. D. (2000). The episodic buffer. Trends in Cognitive Sciences, 4(11), 417–423.",,,,,,
48,#창의적해결 #인지유연성,8,문제 상황 해결책 말하기,컵에 물이 없을 때 어떻게 해야 해?'라고 묻는다. 아이가 해결책을 말하면 '좋은 생각이야~'라고 반응한다. '다른 방법은?'이라고 물어 여러 해결책을 탐색한다.,"일상 문제에 대한 해결책을 생성하는 창의적 문제 해결 능력을 발달시키고, 다양한 관점에서 생각하는 인지 유연성을 강화한다.","인지 (학습, 사고, 문제 해결)","Gopnik, A., Meltzoff, A., & Kuhl, P. (1999). The Scientist in the Crib. William Morrow.",,,,,,
48,#자기주도분류 #메타인지기초,8,분류 기준 스스로 정하기,장난감들을 꺼내 '어떻게 나눌 수 있을까?'라고 묻는다. 아이가 스스로 기준을 정해 분류하면 '어떤 기준으로 나눴어?'라고 물어 설명하게 한다.,"스스로 분류 기준을 설정하고 실행하는 자기 주도적 논리 사고 능력을 발달시키고, 메타인지(자신의 사고 설명)의 초기 형태를 강화한다.","인지 (학습, 사고, 문제 해결)","Piaget, J. (1952). The Origins of Intelligence in Children. International Universities Press.",,,,,,
48,#공잡기협응 #시각운동강화,8,큰 공 잡기 연습,2~3m 거리에서 큰 공을 던져주며 '잡아봐~'라고 말한다. 아이가 공을 두 손으로 잡으면'잡았어~!'라고 반응한다. 거리와 속도를 조금씩 높인다.,"날아오는 공의 속도·방향을 예측하고 잡는 시각-운동 협응 능력을강화하고, 대근육 협응력과 반응 속도를 발달시킨다.",움직임 / 신체 발달,CDC. (2023). Developmental Milestones: 48 Months. cdc.gov/ncbddd/actearly,,,,,,
48,#자기주도식사 #손목조절,8,스스로 음식 담기,어른이 옆에서 지켜보며 아이가 스스로 그릇에 음식을 담도록 한다. 쏟지 않고 담으면 '혼자 담았어~!'라고 반응한다. 물 따르기도 시도한다.,"도구를 활용한 자기 주도적 식사 준비 능력을 강화하고, 세밀한 손목 조절과 양손 협응 능력을 실생활 맥락에서 발달시킨다.",움직임 / 신체 발달,CDC. (2023). Developmental Milestones: 48 Months. cdc.gov/ncbddd/actearly,,,,,,
48,#단추풀기 #소근육정밀,8,단추 풀기,큰 단추가 달린 옷을 건네며 '단추 풀어봐~'라고 말한다. 아이가 손가락으로 단추를 밀어구멍에서 빼내면 '풀었어~!'라고 반응한다.,"단추 풀기에 필요한 손가락 정밀 조절과 양손 협응 능력을 강화하고, 옷 입기 자립에 필요한 소근육 발달을 촉진한다.",움직임 / 신체 발달,CDC. (2023). Developmental Milestones: 48 Months. cdc.gov/ncbddd/actearly,,,,,,
48,#세손가락파지 #쓰기기초,8,연필·크레파스 바르게쥐기,크레파스를 엄지·검지·중지로 바르게 잡는 시범을 보인다. 아이가 같은 방법으로 잡으면'딱 맞게 잡았어~!'라고 반응한다. 선 긋기와 그림 그리기로 이어간다.,"세 손가락 파지(tripod grasp)를 발달시켜 이후 쓰기 능력의 기반을 형성하고, 정밀한 소근육 조절 능력을 강화한다.",움직임 / 신체 발달,"Bayley, N. (2006). Bayley Scales of Infant and Toddler Development, 3rd ed. Pearson.",,,,,,
48,#가위곡선자르기 #정밀협응,8,가위로 곡선 자르기,안전 가위로 물결 모양이나 곡선을 따라 자르도록 유도한다. 아이가 선을 따라가며 자르면 '선대로 잘랐어~!'라고 반응한다.,"가위 조작 능력을 직선에서 곡선으로 심화하고, 손가락 협응력과눈-손 협응 능력을 더욱 정밀하게 발달시킨다.",움직임 / 신체 발달,"Bayley, N. (2006). Bayley Scales of Infant and Toddler Development, 3rd ed. Pearson.",,,,,,
48,#정적균형강화 #고유감각,8,한 발로 균형 잡기,학처럼 한 발로 서봐~'라고 유도한다. 아이가 5초 이상 버티면 '균형 잡았어~!'라고 반응한다. 눈을 감고 해보는 것도 도전한다.,"정적 균형 감각과 하지 근력을 강화하고, 자기 신체 위치를 인식하는 고유감각 능력을 발달시킨다.",움직임 / 신체 발달,"Adolph, K. E., & Hoch, J. E. (2019). Motor development. Annual Review of Psychology, 70, 213–240.",,,,,,
48,#목표차기 #운동계획강화,8,공 목표에 차기,"1~2m 앞에 목표물(콘, 병)을 두고 '저기 맞춰봐~'라고 말한다. 아이가 목표를 향해 공을차면 '맞췄어~!'라고 반응한다.","방향과 힘을 조절하며 목표에 공을 차는 운동 계획 능력을 강화하고, 동적 균형과 하지 협응력을 발달시킨다.",움직임 / 신체 발달,"Adolph, K. E., & Hoch, J. E. (2019). Motor development. Annual Review of Psychology, 70, 213–240.",,,,,,
48,#양발점프 #타이밍조절,8,줄넘기 준비 뛰기,줄을 바닥에 직선으로 놓고 양발로 점프해 넘는다. 성공하면 '넘었어~!'라고 반응한다. 줄을 약간 높여 난이도를 높인다.,"양발 도약 능력과 공간 지각 능력을 강화하고, 이후 줄넘기 발달의기초가 되는 타이밍 조절 능력을 발달시킨다.",움직임 / 신체 발달,"Adolph, K. E., & Hoch, J. E. (2019). Motor development. Annual Review of Psychology, 70, 213–240.",,,,,,
48,#복잡구조물 #공간추론실행,8,블록으로 복잡한 구조물 만들기,블록 10개 이상으로 집이나 탑을 만들도록 유도한다. 아이가 계획하며 쌓으면 '어떻게 만들 거야?'라고 물어 계획을 말하게 한다.,"복잡한 구조물 제작을 통해 공간 추론과 소근육 조절 능력을 강화하고, 계획-실행의 실행 기능을 발달시킨다.",움직임 / 신체 발달,"Bayley, N. (2006). Bayley Scales of Infant and Toddler Development, 3rd ed. Pearson.",,,,,,
48,#자전거균형 #이동협응,8,자전거 균형 잡기,보조 바퀴 자전거나 밸런스 바이크에 태워 페달을 밟거나 발로 밀어 앞으로 나아가도록유도한다. 스스로 균형을 잡으며 이동하면 '균형 잡고 달려~!'라고 반응한다.,"이동 도구를 이용한 복합 균형 능력과 팔-다리 협응력을 강화하고, 독립적 이동 능력과 도전 정신을 발달시킨다.",움직임 / 신체 발달,"Adolph, K. E., & Hoch, J. E. (2019). Motor development. Annual Review of Psychology, 70, 213–240.",,,,,,
,,,,,,,,,,,,,
60,#규칙준수 #공정성이해,9,게임 규칙 따르기,보드게임이나 카드 게임을 함께 하며 '규칙대로 해야 해~'라고 상기시킨다. 아이가 규칙을지키며 차례를 기다리면 '규칙 잘 지켰어~!'라고 반응한다.,"게임 규칙을 이해하고 따르는 능력과 차례를 기다리는 자기 조절 능력을 강화하고, 공정성과 규칙 준수의 사회적 가치를 내재화한다.",사회성 / 감정,"Piaget, J. (1965). The Moral Judgment of the Child. Free Press.",,,,,,
60,#자기표현공연 #사회적자신감,9,노래·춤·연기 공연하기,오늘 엄마아빠한테 공연 해줄 수 있어?'라고 요청한다. 아이가 노래·춤·이야기 중 하나를선택해 발표하면 박수를 쳐주며 '정말 멋진 공연이었어~!'라고 반응한다.,"청중 앞에서 자신을 표현하는 능력과 자신감을 발달시키고, 수행 불안을 극복하는 경험을 통해 사회적 자아 표현력을 강화한다.",사회성 / 감정,"Harter, S. (1999). The Construction of the Self. Guilford Press.",,,,,,
60,#집안일책임 #공동체기여,9,집안일 함께 하기,식사 후 '식탁 치우는 것 도와줄래?'라고 부탁한다. 아이가 접시를 옮기거나 냅킨을 버리면 '집안일을 도와줬어~!'라고 반응한다. 매일 담당 집안일을 정해준다.,"가정 내 역할과 책임을 경험하고, 협력을 통한 공동체 기여 경험이책임감과 자기 효능감을 강화한다.",사회성 / 감정,"Tomasello, M. (2009). Why We Cooperate. MIT Press.",,,,,,
60,#마음이론심화 #공감적이해,9,친구의 감정 이해하기,"그림책 속 캐릭터나 실제 상황에서 '이 친구는 지금 어떤 기분일까?', '왜 그럴까?'라고 묻는다. 아이가 감정과 이유를 말하면 '잘 이해했어~!'라고 반응한다.","타인의 감정과 그 원인을 추론하는 심화된 마음 이론 능력을 발달시키고, 공감적 이해와 관점 취하기 능력을 강화한다.",사회성 / 감정,"Premack, D., & Woodruff, G. (1978). Does the chimpanzee have a theory of mind? Behavioral and Brain Sciences, 1(4), 515–526.",,,,,,
60,#정서조절기술 #심호흡전략,9,화가 날 때 조절 전략쓰기,아이가 화났을 때 '심호흡 해봐~'라고 유도한다. 아이가 스스로 심호흡하거나 다른 곳으로자리를 옮기면 '감정을 조절했어~!'라고 반응한다.,"부정 감정을 신체적 전략(심호흡)으로 조절하는 정서 조절 기술을학습하고, 자기 조절 능력의 구체적 전략을 내재화한다.",사회성 / 감정,"Mischel, W. (2014). The Marshmallow Test. Little, Brown and Company.",,,,,,
60,#협상능력 #민주적타협,9,갈등 상황 협상하기,아이가 원하는 것과 친구가 원하는 것이 다를 때 '둘 다 좋은 방법이 없을까?'라고 묻는다. 아이가 타협안을 제시하면 '좋은 방법을 찾았어~!'라고 반응한다.,"갈등 상황에서 협상을 통한 해결책을 찾는 사회적 문제 해결 능력을강화하고, 민주적 대화와 타협 능력을 발달시킨다.",사회성 / 감정,"Piaget, J. (1965). The Moral Judgment of the Child. Free Press.",,,,,,
60,#비판수용 #성장마인드셋,9,칭찬과 비판 받아들이기,"아이가 잘했을 때와 개선이 필요할 때 구체적으로 말해준다. '이건 정말 잘했어, 근데 여기는 조금 더 할 수 있을 것 같아'라고 말해준다. 아이가 고개를 끄덕이면 '잘 들어줘서 고마워~'라고 반응한다.","구체적 칭찬과 건설적 비판을 받아들이는 능력을 발달시키고, 성장마인드셋(growth mindset)의 기초를 형성한다.",사회성 / 감정,"Harter, S. (1999). The Construction of the Self. Guilford Press.",,,,,,
60,#문화다양성 #개방적태도,9,다른 문화 이야기하기,다른 나라의 음식이나 축제 그림을 보여주며 '이건 어느 나라에서 먹는 거야?'라고 묻는다. 아이가 차이에 대해 '신기해~'라고 반응하면 '다양하지~'라고 공감한다.,"문화적 다양성에 대한 호기심과 개방적 태도를 발달시키고, 자신과다른 것에 대한 존중 능력의 기초를 형성한다.",사회성 / 감정,"Tomasello, M. (2009). Why We Cooperate. MIT Press.",,,,,,
60,#경청배려 #협력소통,9,친구 생각 먼저 물어보기,무엇을 하기 전에 '친구는 어떻게 생각해?'라고 물어보도록 유도한다. 아이가 먼저 친구에게 의견을 묻는 행동을 하면 '배려했어~!'라고 반응한다.,"자신의 생각을 먼저 말하기 전에 타인의 의견을 듣는 경청과 배려능력을 발달시키고, 협력적 의사소통의 기초를 강화한다.",사회성 / 감정,"Tomasello, M. (2009). Why We Cooperate. MIT Press.",,,,,,
60,#감사표현강화 #긍정관계유지,9,감사 편지 만들기,"도와준 사람에게 그림 편지를 그리도록 유도한다. '누가 도와줬어?', '뭐가 고마워?'라고물으며 아이가 내용을 결정하게 한다. 완성하면 '마음을 표현했어~!'라고 반응한다.","감사의 감정을 구체적으로 표현하는 능력을 강화하고, 타인에게 관심을 갖고 긍정적 관계를 유지하는 사회적 능력을 발달시킨다.",사회성 / 감정,"Harter, S. (1999). The Construction of the Self. Guilford Press.",,,,,,
60,#서사구성능력 #인과이야기,9,두 사건 이야기 만들기,"이야기 만들어봐~'라고 하며 '고양이가 나무에 올라갔어, 그다음엔?'이라고 시작을 준다. 아이가 두 개 이상의 사건으로 이야기를 완성하면 '이야기를 만들었어~!'라고 반응한다.","두 가지 이상의 사건이 인과적으로 연결된 이야기를 구성하는 서사능력을 강화하고, 창의적 언어 사용과 내러티브 구조 이해를 발달시킨다.",언어 / 소통,"Bruner, J. (1990). Acts of Meaning. Harvard University Press.",,,,,,
60,#청해강화 #세부내용기억,9,이야기 듣고 질문 답하기,"짧은 이야기를 들려주고 '누가 나왔어?', '어떻게 됐어?', '왜 그랬을까?'라고 묻는다. 아이가 세부 내용을 기억해 답하면 '잘 들었어~!'라고 반응한다.","이야기를 집중해 듣고 세부 내용을 기억하는 청해 능력을 강화하고, 다양한 유형의 질문에 답하는 언어 이해 능력을 발달시킨다.",언어 / 소통,"Bruner, J. (1990). Acts of Meaning. Harvard University Press.",,,,,,
60,#대화주도 #화제전환전략,9,3번 이상 대화 이어가기,아이가 좋아하는 주제로 대화를 시작하며 최소 3번 이상 주고받는다. 아이가 먼저 화제를바꾸거나 질문하면 '대화를 이어갔어~!'라고 반응한다.,"대화를 주도적으로 이어가고 확장하는 대화 능력을 강화하고, 화제유지와 전환의 대화 전략을 발달시킨다.",언어 / 소통,"Bruner, J. (1983). Child's Talk: Learning to Use Language. Oxford University Press.",,,,,,
60,#음운인식 #운율감각,9,운율 단어 찾기,"모자'와 비슷한 소리 나는 단어 찾아봐~'라고 말한다. 아이가 '과자', '바나나' 등 운율 단어를 말하면 '소리가 비슷하지~!'라고 반응한다.","음운 인식 능력과 운율 감각을 발달시키고, 비슷한 소리 패턴을 인식하는 능력이 이후 읽기 발달의 기초를 형성한다.",언어 / 소통,"Adams, M. J. (1990). Beginning to Read. MIT Press.",,,,,,
60,#맥락추론어휘 #자기주도학습,9,문장 속 새 단어 이해하기,이야기 중 모르는 단어가 나오면 '이게 무슨 뜻 같아?'라고 묻는다. 아이가 맥락을 보고 뜻을 추측하면 '잘 생각했어~!'라고 반응하며 정확한 뜻을 알려준다.,"맥락을 이용해 새로운 단어의 의미를 추론하는 능력을 발달시키고, 자기 주도적 어휘 학습 전략을 강화한다.",언어 / 소통,"Hoff, E. (2006). How social contexts support language development. Developmental Review, 26(1), 55–88.",,,,,,
60,#창의적이야기 #서사구조통합,9,이야기 창작하기,그림 카드 3장을 무작위로 뽑아 '이 그림들로 이야기 만들어봐~'라고 한다. 아이가 그림을연결해 이야기를 만들면 '이야기를 만들었어~!'라고 반응한다.,"주어진 소재를 창의적으로 연결해 이야기를 구성하는 창의적 언어능력을 강화하고, 서사 구조와 창의적 사고를 통합 발달시킨다.",언어 / 소통,"Bruner, J. (1990). Acts of Meaning. Harvard University Press.",,,,,,
60,#글자인식 #읽기기초,9,글자 이름 말하기,"알파벳 또는 한글 카드를 하나씩 보여주며 '이게 무슨 글자야?'라고 묻는다. 아이가 글자이름을 말하면 '맞아, OO이야~!'라고 반응한다.","글자 이름 인식 능력을 발달시키고, 음소와 글자의 연결이 이후 읽기 발달의 핵심 기반을 형성한다.",언어 / 소통,"Adams, M. J. (1990). Beginning to Read. MIT Press.",,,,,,
60,#이야기전달 #언어유창성강화,9,자신이 들은 이야기 전달하기,짧은 이야기를 들려준 뒤 '할머니한테도 이 이야기 해줄 수 있어?'라고 한다. 아이가 다른사람에게 이야기를 전달하면 '이야기꾼이 됐어~!'라고 반응한다.,"들은 이야기를 기억하고 타인에게 전달하는 능력을 강화하고, 청중을 의식한 이야기 전달 능력과 언어 유창성을 발달시킨다.",언어 / 소통,"Bruner, J. (1990). Acts of Meaning. Harvard University Press.",,,,,,
60,#의견표현 #논증언어,9,의견과 이유 말하기,어떤 과일이 제일 좋아?'라고 묻고 아이가 대답하면 '왜 그게 좋아?'라고 이유를 묻는다. 아이가 의견과 이유를 함께 말하면 '이유까지 말해줬어~!'라고 반응한다.,"의견과 이유를 함께 표현하는 논증적 언어 능력을 발달시키고, 자신의 생각을 논리적으로 전달하는 능력을 강화한다.",언어 / 소통,"Hoff, E. (2006). How social contexts support language development. Developmental Review, 26(1), 55–88.",,,,,,
60,#읽기태도 #그림해석능력,9,소리 내어 책 읽기 흉내,책을 펼쳐 아이가 그림을 보며 소리 내어 읽는 흉내를 내도록 유도한다. 아이가 그림을 보며 이야기를 만들어 읽으면 '책 읽었어~!'라고 반응한다.,"책 읽기에 대한 긍정적 태도와 읽기 행동의 초기 형태를 발달시키고, 그림 의미 해석과 언어 표현 능력을 통합 강화한다.",언어 / 소통,"Adams, M. J. (1990). Beginning to Read. MIT Press.",,,,,,
60,#10까지수세기 #기수개념완성,9,1~10 수 세고 말하기,"블록을 10개 꺼내 하나씩 세며 '하나~열~'까지 센다. '열 개야?'라고 물으면 '맞아, 열 개~!'라고 반응한다. 블록 수를 바꿔가며 반복한다.","1~10의 수 세기를 완성하고, 셈하기와 기수 개념(마지막 수 = 전체수량)을 확고히 발달시킨다.","인지 (학습, 사고, 문제 해결)","Gelman, R., & Gallistel, C. R. (1978). The Child's Understanding of Number. Harvard University Press.",,,,,,
60,#숫자인식 #수학문해기초,9,숫자 1~5 읽기,"숫자 카드(1~5)를 하나씩 보여주며 '이게 몇이야?'라고 묻는다. 아이가 숫자를 말하면 '맞아, OO이야~!'라고 반응한다. 순서를 섞어서도 반복한다.","숫자 기호를 인식하고 이름을 말하는 기호-수 연결 능력을 발달시키고, 초기 수학적 문해력의 기반을 형성한다.","인지 (학습, 사고, 문제 해결)","Gelman, R., & Gallistel, C. R. (1978). The Child's Understanding of Number. Harvard University Press.",,,,,,
60,#시간어휘완성 #시간적사고,9,어제·오늘·내일·아침·밤 사용하기,"하루 중 자연스럽게 '어제 뭐 했어?', '오늘 저녁에 뭐 먹고 싶어?', '내일 아침에 일어나면~'이라고 말한다. 아이가 시간 표현을 사용하면 즉시 반응한다.","시간 개념 어휘를 일상 속에서 완성하고, 과거-현재-미래의 시간 구조를 언어와 연결하는 시간적 사고 능력을 강화한다.","인지 (학습, 사고, 문제 해결)","Piaget, J. (1969). The Child's Conception of Time. Basic Books.",,,,,,
60,#지속주의력 #학습준비도,9,5~10분 집중하기 과제,그림 그리기나 블록 만들기 등 관심 있는 활동을 5분 이상 유지하도록 유도한다. 아이가중단 없이 지속하면 '5분 동안 집중했어~!'라고 반응한다.,"비디오·전자기기 없이 과제에 집중하는 지속 주의력을 강화하고, 학습 준비도의 핵심인 집중 시간을 발달시킨다.","인지 (학습, 사고, 문제 해결)","Baddeley, A. D. (2000). The episodic buffer. Trends in Cognitive Sciences, 4(11), 417–423.",,,,,,
60,#이름쓰기 #초기쓰기능력,9,이름 글자 쓰기,이름의 첫 글자부터 쓰는 방법을 보여준다. 아이가 손을 잡고 따라 쓰거나 혼자 시도하면'이름을 썼어~!'라고 반응한다.,"자기 이름의 글자를 쓰는 초기 쓰기 능력을 발달시키고, 글자 쓰기에 필요한 소근육 조절과 기호 표현 능력의 기반을 형성한다.","인지 (학습, 사고, 문제 해결)","Adams, M. J. (1990). Beginning to Read. MIT Press.",,,,,,
60,#비교분석 #다각도사고,9,비슷한 점·다른 점 분석하기,"사과와 오렌지 그림을 보며 '같은 점은?', '다른 점은?'이라고 묻는다. 아이가 2개 이상의공통점/차이점을 말하면 '잘 비교했어~!'라고 반응한다.","두 대상을 다각도로 비교 분석하는 비교적 사고 능력을 발달시키고, 범주와 속성에 대한 이해를 심화시킨다.","인지 (학습, 사고, 문제 해결)","Piaget, J. (1952). The Origins of Intelligence in Children. International Universities Press.",,,,,,
60,#패턴추론강화 #규칙성예측,9,규칙 있는 패턴 만들기,스티커 3종류로 ABCABC 패턴을 만들며 '다음엔 뭐가 올까?'라고 묻는다. 아이가 패턴을 이어가면 '패턴을 완성했어~!'라고 반응한다.,"3요소 이상 패턴을 인식하고 이어가는 수학적 패턴 추론 능력을 강화하고, 규칙성 이해와 예측 능력을 발달시킨다.","인지 (학습, 사고, 문제 해결)","Gelman, R., & Gallistel, C. R. (1978). The Child's Understanding of Number. Harvard University Press.",,,,,,
60,#인과연결 #논리적추론,9,원인·결과 연결하기,카드 두 쌍(비가 온다→우산을 쓴다 등)을 섞어 놓고 '이유와 결과를 연결해봐~'라고 한다. 아이가 맞게 연결하면 '인과관계를 이해했어~!'라고 반응한다.,"일상 상황의 원인과 결과를 연결하는 인과적 추론 능력을 강화하고, 논리적 사고와 상황 이해 능력을 발달시킨다.","인지 (학습, 사고, 문제 해결)","Bruner, J. (1990). Acts of Meaning. Harvard University Press.",,,,,,
60,#실행기능강화 #메타인지,9,문제 해결 계획 세우기,복잡한 블록 구조물을 만들기 전 '어떻게 만들 거야? 순서를 말해봐~'라고 한다. 아이가순서를 말하고 실행하면 '계획대로 했어~!'라고 반응한다.,"목표 달성을 위한 단계적 계획을 수립하고 실행하는 실행 기능을 강화하고, 메타인지와 자기 주도 학습 능력을 발달시킨다.","인지 (학습, 사고, 문제 해결)","Baddeley, A. D. (2000). The episodic buffer. Trends in Cognitive Sciences, 4(11), 417–423.",,,,,,
60,#공간어휘완성 #공간적언어,9,공간 개념 어휘 사용하기,"숨기기 게임에서 '공이 책상 위에 있어', '상자 안에 넣어봐~'처럼 위치 표현을 사용한다. 아이가 맞게 위치 어휘를 사용하면 '위치를 말했어~!'라고 반응한다.","위·아래·안·밖·앞·뒤 등 공간 개념 어휘를 이해하고 사용하는 능력을 완성하고, 공간적 언어와 사고 능력을 강화한다.","인지 (학습, 사고, 문제 해결)","Piaget, J. (1952). The Origins of Intelligence in Children. International Universities Press.",,,,,,
60,#단추채우기 #옷입기완성,8,단추 채우기,큰 단추가 달린 셔츠를 입히고 '단추 채워봐~'라고 말한다. 아이가 단추를 구멍에 넣고 채우면 '채웠어~!'라고 반응한다. 작은 단추로 난이도를 높인다.,"단추 채우기에 필요한 양손 협응과 손가락 정밀 조절 능력을 강화하고, 옷 입기 자립의 마지막 단계를 완성한다.",움직임 / 신체 발달,CDC. (2023). Developmental Milestones: 60 Months. cdc.gov/ncbddd/actearly,,,,,,
60,#한발깡충 #동적균형강화,9,한 발 깡충깡충 뛰기,한 발로 깡충깡충 뛰어봐~'라고 말하며 시범을 보인다. 아이가 한 발로 연속해서 3번 이상 뛰면 '한 발로 뛰었어~!'라고 반응한다. 양발 번갈아 연습한다.,"한 발 도약과 착지에 필요한 동적 균형과 하지 근력을 강화하고, 조절된 연속 점프 능력을 발달시킨다.",움직임 / 신체 발달,CDC. (2023). Developmental Milestones: 60 Months. cdc.gov/ncbddd/actearly,,,,,,
60,#가위도형자르기 #소근육완성,9,가위로 도형 자르기,원·사각형 등 도형을 그려 '선 따라 잘라봐~'라고 유도한다. 아이가 선을 따라 정확하게자르면 '도형을 잘랐어~!'라고 반응한다.,"가위 조작 능력을 곡선·직선 혼합 도형으로 심화하고, 정밀한 소근육 조절과 눈-손 협응 능력을 강화한다.",움직임 / 신체 발달,"Bayley, N. (2006). Bayley Scales of Infant and Toddler Development, 3rd ed. Pearson.",,,,,,
60,#이름쓰기완성 #쓰기통합,9,이름 쓰기 연습,이름을 선을 따라 쓰는 연습지를 만들어준다. 아이가 선을 따라 이름을 쓰면 '이름을 썼어~!'라고 반응한다. 빈 종이에 혼자 써보는 것도 도전한다.,"손가락 세 손가락 파지와 소근육 조절 능력을 쓰기 과제로 통합 발달시키고, 글자 쓰기 능력의 기초를 완성한다.",움직임 / 신체 발달,"Adams, M. J. (1990). Beginning to Read. MIT Press.",,,,,,
60,#공튀겨받기 #타이밍조절,9,공 튀겨 받기,공을 바닥에 튀기며 '튀기고 잡아봐~'라고 말한다. 아이가 공을 튀기고 잡으면 '튀겼다 잡았어~!'라고 반응한다. 연속으로 튀기는 것도 도전한다.,"공을 튀기고 잡는 타이밍 조절과 시각-운동 협응 능력을 강화하고, 손과 눈의 협응 능력을 높은 수준으로 발달시킨다.",움직임 / 신체 발달,"Adolph, K. E., & Hoch, J. E. (2019). Motor development. Annual Review of Psychology, 70, 213–240.",,,,,,
60,#두발균형 #자전거기초,8,세발자전거에서 두발자전거로,보조 바퀴 없는 밸런스 바이크나 보조 바퀴를 뗀 자전거로 균형을 잡도록 유도한다. 아이가 발을 들고 균형을 잡으면 '균형 잡았어~!'라고 반응한다.,"두발 균형 능력과 이동 도구 조작의 복합 협응력을 강화하고, 독립적 자전거 타기의 기초를 형성한다.",움직임 / 신체 발달,"Adolph, K. E., & Hoch, J. E. (2019). Motor development. Annual Review of Psychology, 70, 213–240.",,,,,,
60,#이름쓰기독립 #학교준비도,9,자기 이름 쓰기 독립,빈 종이를 주고 '이름 써봐~'라고 한다. 아이가 보조 없이 자기 이름의 글자를 쓰면 '혼자썼어~!'라고 크게 반응한다.,"글자 기억과 소근육 조절 능력을 통합해 독립적 쓰기 능력을 완성하고, 학교 준비도의 핵심인 이름 쓰기 자립을 달성한다.",움직임 / 신체 발달,"Adams, M. J. (1990). Beginning to Read. MIT Press.",,,,,,
60,#줄넘기기초 #복합운동기술,9,줄넘기 기초 도전,긴 줄을 흔들며 아이가 타이밍에 맞춰 줄을 넘도록 유도한다. 아이가 한 번이라도 줄을 타이밍에 맞춰 넘으면 '넘었어~!'라고 반응한다.,"타이밍 조절과 양발 도약 능력을 통합하는 복합 운동 기술을 발달시키고, 리듬 감각과 동적 균형 능력을 강화한다.",움직임 / 신체 발달,"Adolph, K. E., & Hoch, J. E. (2019). Motor development. Annual Review of Psychology, 70, 213–240.",,,,,,
60,#지구력강화 #목표달성경험,9,장거리 걷기 지구력,산책 중 30분 이상 걷는 목표를 설정한다. '얼마나 걸었을까?'라고 물으며 아이가 지치지않고 완주하면 '끝까지 걸었어~!'라고 반응한다.,"장거리 보행에 필요한 심폐 지구력과 하지 근지구력을 강화하고, 목표 달성 경험을 통해 인내심과 자기 효능감을 발달시킨다.",움직임 / 신체 발달,"Adolph, K. E., & Hoch, J. E. (2019). Motor development. Annual Review of Psychology, 70, 213–240.",,,,,,
60,#운동계획능력 #복합신체협응,9,복잡한 신체 놀이,제자리 뛰기→한 발 뛰기→달리기→멈추기를 연속으로 하는 동작 순서를 만든다. 아이가 순서대로 수행하면 '동작 순서를 기억했어~!'라고 반응한다.,"복수의 신체 동작을 순서대로 기억하고 수행하는 운동 계획 능력과작업 기억을 통합 발달시키고, 복잡한 신체 협응 능력을 강화한다.",움직임 / 신체 발달,"Adolph, K. E., & Hoch, J. E. (2019). Motor development. Annual Review of Psychology, 70, 213–240.",,,,,,